timestamp,load_kw,is_anomaly
2026-01-01 00:00:00,277.84,0
2026-01-01 01:00:00,272.76,0
2026-01-01 02:00:00,252.13,0
2026-01-01 03:00:00,265.92,0
2026-01-01 04:00:00,259.13,0
2026-01-01 05:00:00,253.63,0
2026-01-01 06:00:00,258.92,0
2026-01-01 07:00:00,308.78,0
2026-01-01 08:00:00,300.22,0
2026-01-01 09:00:00,352.77,0
2026-01-01 10:00:00,361.42,0
2026-01-01 11:00:00,421.1,0
2026-01-01 12:00:00,416.77,0
2026-01-01 13:00:00,462.31,0
2026-01-01 14:00:00,466.01,0
2026-01-01 15:00:00,442.93,0
2026-01-01 16:00:00,474.07,0
2026-01-01 17:00:00,436.61,0
2026-01-01 18:00:00,451.18,0
2026-01-01 19:00:00,404.97,0
2026-01-01 20:00:00,382.5,0
2026-01-01 21:00:00,362.31,0
2026-01-01 22:00:00,323.17,0
2026-01-01 23:00:00,335.57,0
2026-01-02 00:00:00,286.89,0
2026-01-02 01:00:00,257.9,0
2026-01-02 02:00:00,264.12,0
2026-01-02 03:00:00,223.38,0
2026-01-02 04:00:00,289.81,0
2026-01-02 05:00:00,244.01,0
2026-01-02 06:00:00,286.0,0
2026-01-02 07:00:00,284.95,0
2026-01-02 08:00:00,337.94,0
2026-01-02 09:00:00,356.5,0
2026-01-02 10:00:00,360.72,0
2026-01-02 11:00:00,380.97,0
2026-01-02 12:00:00,396.58,0
2026-01-02 13:00:00,450.96,0
2026-01-02 14:00:00,483.46,0
2026-01-02 15:00:00,433.94,0
2026-01-02 16:00:00,481.52,0
2026-01-02 17:00:00,464.42,0
2026-01-02 18:00:00,414.0,0
2026-01-02 19:00:00,398.05,0
2026-01-02 20:00:00,381.12,0
2026-01-02 21:00:00,369.0,0
2026-01-02 22:00:00,334.36,0
2026-01-02 23:00:00,298.41,0
2026-01-03 00:00:00,253.3,0
2026-01-03 01:00:00,257.97,0
2026-01-03 02:00:00,243.16,0
2026-01-03 03:00:00,227.68,0
2026-01-03 04:00:00,223.4,0
2026-01-03 05:00:00,249.57,0
2026-01-03 06:00:00,244.44,0
2026-01-03 07:00:00,277.65,0
2026-01-03 08:00:00,303.51,0
2026-01-03 09:00:00,345.43,0
2026-01-03 10:00:00,371.55,0
2026-01-03 11:00:00,393.43,0
2026-01-03 12:00:00,398.96,0
2026-01-03 13:00:00,415.27,0
2026-01-03 14:00:00,454.48,0
2026-01-03 15:00:00,446.21,0
2026-01-03 16:00:00,432.64,0
2026-01-03 17:00:00,410.4,0
2026-01-03 18:00:00,434.92,0
2026-01-03 19:00:00,401.93,0
2026-01-03 20:00:00,363.39,0
2026-01-03 21:00:00,334.2,0
2026-01-03 22:00:00,299.76,0
2026-01-03 23:00:00,278.75,0
2026-01-04 00:00:00,268.77,0
2026-01-04 01:00:00,222.2,0
2026-01-04 02:00:00,229.42,0
2026-01-04 03:00:00,223.35,0
2026-01-04 04:00:00,241.51,0
2026-01-04 05:00:00,241.07,0
2026-01-04 06:00:00,249.45,0
2026-01-04 07:00:00,269.73,0
2026-01-04 08:00:00,291.6,0
2026-01-04 09:00:00,338.13,0
2026-01-04 10:00:00,327.17,0
2026-01-04 11:00:00,410.84,0
2026-01-04 12:00:00,410.29,0
2026-01-04 13:00:00,401.62,0
2026-01-04 14:00:00,436.62,0
2026-01-04 15:00:00,444.6,0
2026-01-04 16:00:00,434.45,0
2026-01-04 17:00:00,439.77,0
2026-01-04 18:00:00,403.28,0
2026-01-04 19:00:00,395.83,0
2026-01-04 20:00:00,370.83,0
2026-01-04 21:00:00,337.53,0
2026-01-04 22:00:00,334.57,0
2026-01-04 23:00:00,309.32,0
2026-01-05 00:00:00,264.14,0
2026-01-05 01:00:00,268.46,0
2026-01-05 02:00:00,280.54,0
2026-01-05 03:00:00,268.81,0
2026-01-05 04:00:00,243.72,0
2026-01-05 05:00:00,284.42,0
2026-01-05 06:00:00,289.54,0
2026-01-05 07:00:00,283.63,0
2026-01-05 08:00:00,323.65,0
2026-01-05 09:00:00,351.63,0
2026-01-05 10:00:00,347.15,0
2026-01-05 11:00:00,410.46,0
2026-01-05 12:00:00,458.86,0
2026-01-05 13:00:00,463.1,0
2026-01-05 14:00:00,468.27,0
2026-01-05 15:00:00,455.55,0
2026-01-05 16:00:00,462.19,0
2026-01-05 17:00:00,419.14,0
2026-01-05 18:00:00,426.95,0
2026-01-05 19:00:00,380.7,0
2026-01-05 20:00:00,393.64,0
2026-01-05 21:00:00,361.58,0
2026-01-05 22:00:00,334.28,0
2026-01-05 23:00:00,302.87,0
2026-01-06 00:00:00,262.41,0
2026-01-06 01:00:00,272.57,0
2026-01-06 02:00:00,232.83,0
2026-01-06 03:00:00,279.92,0
2026-01-06 04:00:00,232.47,0
2026-01-06 05:00:00,237.53,0
2026-01-06 06:00:00,264.05,0
2026-01-06 07:00:00,281.24,0
2026-01-06 08:00:00,319.22,0
2026-01-06 09:00:00,331.01,0
2026-01-06 10:00:00,380.88,0
2026-01-06 11:00:00,406.74,0
2026-01-06 12:00:00,423.77,0
2026-01-06 13:00:00,406.07,0
2026-01-06 14:00:00,479.64,0
2026-01-06 15:00:00,454.08,0
2026-01-06 16:00:00,466.3,0
2026-01-06 17:00:00,327.4200893921953,1
2026-01-06 18:00:00,440.03,0
2026-01-06 19:00:00,433.17,0
2026-01-06 20:00:00,400.92,0
2026-01-06 21:00:00,355.58,0
2026-01-06 22:00:00,320.66,0
2026-01-06 23:00:00,310.33,0
2026-01-07 00:00:00,284.55,0
2026-01-07 01:00:00,250.96,0
2026-01-07 02:00:00,247.1,0
2026-01-07 03:00:00,262.52,0
2026-01-07 04:00:00,244.13,0
2026-01-07 05:00:00,249.86,0
2026-01-07 06:00:00,296.66,0
2026-01-07 07:00:00,302.11,0
2026-01-07 08:00:00,329.73,0
2026-01-07 09:00:00,363.32,0
2026-01-07 10:00:00,377.38,0
2026-01-07 11:00:00,394.2,0
2026-01-07 12:00:00,406.46,0
2026-01-07 13:00:00,449.85,0
2026-01-07 14:00:00,470.42,0
2026-01-07 15:00:00,461.9,0
2026-01-07 16:00:00,445.96,0
2026-01-07 17:00:00,455.57,0
2026-01-07 18:00:00,424.59,0
2026-01-07 19:00:00,425.4,0
2026-01-07 20:00:00,368.25,0
2026-01-07 21:00:00,386.17,0
2026-01-07 22:00:00,330.19,0
2026-01-07 23:00:00,287.49,0
2026-01-08 00:00:00,292.99,0
2026-01-08 01:00:00,281.0,0
2026-01-08 02:00:00,266.3,0
2026-01-08 03:00:00,236.15,0
2026-01-08 04:00:00,265.77,0
2026-01-08 05:00:00,250.02,0
2026-01-08 06:00:00,270.94,0
2026-01-08 07:00:00,255.76,0
2026-01-08 08:00:00,311.84,0
2026-01-08 09:00:00,330.42,0
2026-01-08 10:00:00,382.27,0
2026-01-08 11:00:00,376.04,0
2026-01-08 12:00:00,395.18,0
2026-01-08 13:00:00,450.27,0
2026-01-08 14:00:00,328.81911545023416,1
2026-01-08 15:00:00,445.09,0
2026-01-08 16:00:00,459.6,0
2026-01-08 17:00:00,416.86,0
2026-01-08 18:00:00,438.74,0
2026-01-08 19:00:00,408.95,0
2026-01-08 20:00:00,387.31,0
2026-01-08 21:00:00,382.28,1
2026-01-08 22:00:00,325.82,0
2026-01-08 23:00:00,303.63,0
2026-01-09 00:00:00,278.36,0
2026-01-09 01:00:00,319.07,0
2026-01-09 02:00:00,257.48,0
2026-01-09 03:00:00,226.51,0
2026-01-09 04:00:00,279.5,0
2026-01-09 05:00:00,271.71,0
2026-01-09 06:00:00,327.750406393481,1
2026-01-09 07:00:00,293.91,0
2026-01-09 08:00:00,327.2324187714335,1
2026-01-09 09:00:00,349.01,0
2026-01-09 10:00:00,357.04,0
2026-01-09 11:00:00,380.43,0
2026-01-09 12:00:00,442.89,0
2026-01-09 13:00:00,470.03,0
2026-01-09 14:00:00,443.16,0
2026-01-09 15:00:00,467.66,0
2026-01-09 16:00:00,456.79,0
2026-01-09 17:00:00,429.85,0
2026-01-09 18:00:00,416.31,0
2026-01-09 19:00:00,400.97,0
2026-01-09 20:00:00,363.8,0
2026-01-09 21:00:00,336.42,0
2026-01-09 22:00:00,340.58,0
2026-01-09 23:00:00,292.22,0
2026-01-10 00:00:00,252.21,0
2026-01-10 01:00:00,226.35,0
2026-01-10 02:00:00,211.14,0
2026-01-10 03:00:00,195.81,0
2026-01-10 04:00:00,215.41,0
2026-01-10 05:00:00,208.51,0
2026-01-10 06:00:00,255.28,0
2026-01-10 07:00:00,289.98,0
2026-01-10 08:00:00,299.68,0
2026-01-10 09:00:00,320.24,0
2026-01-10 10:00:00,348.74,0
2026-01-10 11:00:00,389.55,0
2026-01-10 12:00:00,410.23,0
2026-01-10 13:00:00,436.39,0
2026-01-10 14:00:00,460.5,0
2026-01-10 15:00:00,459.63,0
2026-01-10 16:00:00,424.16,0
2026-01-10 17:00:00,442.6,0
2026-01-10 18:00:00,406.46,0
2026-01-10 19:00:00,377.19,0
2026-01-10 20:00:00,362.59,0
2026-01-10 21:00:00,331.63,0
2026-01-10 22:00:00,298.69,0
2026-01-10 23:00:00,258.4,0
2026-01-11 00:00:00,273.25,0
2026-01-11 01:00:00,244.0,0
2026-01-11 02:00:00,228.02,0
2026-01-11 03:00:00,234.08,0
2026-01-11 04:00:00,231.63,0
2026-01-11 05:00:00,250.89,0
2026-01-11 06:00:00,243.78,0
2026-01-11 07:00:00,265.78,0
2026-01-11 08:00:00,287.67,0
2026-01-11 09:00:00,354.76,0
2026-01-11 10:00:00,379.95,0
2026-01-11 11:00:00,390.37,0
2026-01-11 12:00:00,369.14,0
2026-01-11 13:00:00,416.64,0
2026-01-11 14:00:00,454.26,0
2026-01-11 15:00:00,472.28,0
2026-01-11 16:00:00,403.28,0
2026-01-11 17:00:00,442.26,0
2026-01-11 18:00:00,424.77,0
2026-01-11 19:00:00,392.56,0
2026-01-11 20:00:00,350.74,0
2026-01-11 21:00:00,342.25,0
2026-01-11 22:00:00,330.55,0
2026-01-11 23:00:00,292.89,0
2026-01-12 00:00:00,271.97,0
2026-01-12 01:00:00,257.85,0
2026-01-12 02:00:00,247.4,0
2026-01-12 03:00:00,243.5,0
2026-01-12 04:00:00,239.9,0
2026-01-12 05:00:00,253.28,0
2026-01-12 06:00:00,265.48,0
2026-01-12 07:00:00,316.95,0
2026-01-12 08:00:00,292.85,0
2026-01-12 09:00:00,328.07272871197875,1
2026-01-12 10:00:00,372.99,0
2026-01-12 11:00:00,369.33,0
2026-01-12 12:00:00,429.77,0
2026-01-12 13:00:00,414.07,0
2026-01-12 14:00:00,462.71,0
2026-01-12 15:00:00,476.77,0
2026-01-12 16:00:00,459.06,0
2026-01-12 17:00:00,414.91,0
2026-01-12 18:00:00,423.22,0
2026-01-12 19:00:00,405.62,0
2026-01-12 20:00:00,354.3,0
2026-01-12 21:00:00,378.21,0
2026-01-12 22:00:00,342.48,0
2026-01-12 23:00:00,319.52,0
2026-01-13 00:00:00,274.47,0
2026-01-13 01:00:00,268.52,0
2026-01-13 02:00:00,276.28,0
2026-01-13 03:00:00,279.17,0
2026-01-13 04:00:00,266.48,0
2026-01-13 05:00:00,245.48,0
2026-01-13 06:00:00,269.4,0
2026-01-13 07:00:00,293.93,0
2026-01-13 08:00:00,322.63,0
2026-01-13 09:00:00,330.65,0
2026-01-13 10:00:00,372.47,0
2026-01-13 11:00:00,399.94,0
2026-01-13 12:00:00,432.58,0
2026-01-13 13:00:00,428.1,0
2026-01-13 14:00:00,451.46,0
2026-01-13 15:00:00,480.37,0
2026-01-13 16:00:00,448.79,0
2026-01-13 17:00:00,449.64,0
2026-01-13 18:00:00,395.56,0
2026-01-13 19:00:00,417.16,0
2026-01-13 20:00:00,384.79,0
2026-01-13 21:00:00,360.47,0
2026-01-13 22:00:00,342.02,0
2026-01-13 23:00:00,292.68,0
2026-01-14 00:00:00,292.79,0
2026-01-14 01:00:00,243.75,0
2026-01-14 02:00:00,263.53,0
2026-01-14 03:00:00,247.51,0
2026-01-14 04:00:00,241.25,0
2026-01-14 05:00:00,235.91,0
2026-01-14 06:00:00,252.52,0
2026-01-14 07:00:00,298.17,0
2026-01-14 08:00:00,305.8,0
2026-01-14 09:00:00,355.8,0
2026-01-14 10:00:00,381.41,0
2026-01-14 11:00:00,364.54,0
2026-01-14 12:00:00,438.99,0
2026-01-14 13:00:00,444.6,0
2026-01-14 14:00:00,444.28,0
2026-01-14 15:00:00,468.09,0
2026-01-14 16:00:00,430.56,0
2026-01-14 17:00:00,425.48,0
2026-01-14 18:00:00,435.48,0
2026-01-14 19:00:00,389.42,0
2026-01-14 20:00:00,374.92,0
2026-01-14 21:00:00,375.92,0
2026-01-14 22:00:00,321.94,0
2026-01-14 23:00:00,283.42,0
2026-01-15 00:00:00,287.58,0
2026-01-15 01:00:00,257.4,0
2026-01-15 02:00:00,236.38,0
2026-01-15 03:00:00,300.85,0
2026-01-15 04:00:00,259.65,0
2026-01-15 05:00:00,249.48,0
2026-01-15 06:00:00,282.76,0
2026-01-15 07:00:00,290.47,0
2026-01-15 08:00:00,311.87,0
2026-01-15 09:00:00,347.22,0
2026-01-15 10:00:00,388.18,0
2026-01-15 11:00:00,420.48,0
2026-01-15 12:00:00,446.86,0
2026-01-15 13:00:00,458.52,0
2026-01-15 14:00:00,462.55,0
2026-01-15 15:00:00,462.4,0
2026-01-15 16:00:00,467.5,0
2026-01-15 17:00:00,457.38,0
2026-01-15 18:00:00,406.52,0
2026-01-15 19:00:00,422.66,0
2026-01-15 20:00:00,404.93,0
2026-01-15 21:00:00,346.53,0
2026-01-15 22:00:00,321.29,0
2026-01-15 23:00:00,306.89,0
2026-01-16 00:00:00,279.16,0
2026-01-16 01:00:00,243.69,0
2026-01-16 02:00:00,250.57,0
2026-01-16 03:00:00,249.05,0
2026-01-16 04:00:00,211.45,0
2026-01-16 05:00:00,258.36,0
2026-01-16 06:00:00,263.34,0
2026-01-16 07:00:00,265.78,0
2026-01-16 08:00:00,324.35,0
2026-01-16 09:00:00,353.07,0
2026-01-16 10:00:00,373.85,0
2026-01-16 11:00:00,403.99,0
2026-01-16 12:00:00,416.97,0
2026-01-16 13:00:00,422.25,0
2026-01-16 14:00:00,449.15,0
2026-01-16 15:00:00,474.53,0
2026-01-16 16:00:00,433.0,0
2026-01-16 17:00:00,457.54,0
2026-01-16 18:00:00,412.46,0
2026-01-16 19:00:00,422.86,0
2026-01-16 20:00:00,391.14,0
2026-01-16 21:00:00,357.52,0
2026-01-16 22:00:00,349.6,0
2026-01-16 23:00:00,300.63,0
2026-01-17 00:00:00,279.83,0
2026-01-17 01:00:00,258.61,0
2026-01-17 02:00:00,218.44,0
2026-01-17 03:00:00,209.66,0
2026-01-17 04:00:00,214.08,0
2026-01-17 05:00:00,243.59,0
2026-01-17 06:00:00,275.12,0
2026-01-17 07:00:00,472.7183455992206,1
2026-01-17 08:00:00,282.74,0
2026-01-17 09:00:00,311.19,0
2026-01-17 10:00:00,346.87,0
2026-01-17 11:00:00,366.14,0
2026-01-17 12:00:00,413.49,0
2026-01-17 13:00:00,399.48,0
2026-01-17 14:00:00,424.86,0
2026-01-17 15:00:00,447.77,0
2026-01-17 16:00:00,438.6,0
2026-01-17 17:00:00,423.27,0
2026-01-17 18:00:00,411.44,0
2026-01-17 19:00:00,404.56,0
2026-01-17 20:00:00,365.52,0
2026-01-17 21:00:00,324.05,0
2026-01-17 22:00:00,323.5,0
2026-01-17 23:00:00,295.15,0
2026-01-18 00:00:00,275.16,0
2026-01-18 01:00:00,236.85,0
2026-01-18 02:00:00,231.2,0
2026-01-18 03:00:00,241.67,0
2026-01-18 04:00:00,236.97,0
2026-01-18 05:00:00,246.26,0
2026-01-18 06:00:00,257.47,0
2026-01-18 07:00:00,303.46,0
2026-01-18 08:00:00,300.2,0
2026-01-18 09:00:00,293.47,0
2026-01-18 10:00:00,337.75,0
2026-01-18 11:00:00,352.42,0
2026-01-18 12:00:00,378.19,0
2026-01-18 13:00:00,402.23,0
2026-01-18 14:00:00,445.04,0
2026-01-18 15:00:00,423.37,0
2026-01-18 16:00:00,450.86,0
2026-01-18 17:00:00,406.47,0
2026-01-18 18:00:00,410.59,0
2026-01-18 19:00:00,365.38,0
2026-01-18 20:00:00,753.1061220740698,1
2026-01-18 21:00:00,370.02,0
2026-01-18 22:00:00,313.14,0
2026-01-18 23:00:00,271.76,0
2026-01-19 00:00:00,276.82,0
2026-01-19 01:00:00,259.28,0
2026-01-19 02:00:00,229.41,0
2026-01-19 03:00:00,277.48,0
2026-01-19 04:00:00,262.27,0
2026-01-19 05:00:00,235.78,0
2026-01-19 06:00:00,262.24,0
2026-01-19 07:00:00,297.57,0
2026-01-19 08:00:00,296.99,0
2026-01-19 09:00:00,345.62,0
2026-01-19 10:00:00,382.99,0
2026-01-19 11:00:00,396.64,0
2026-01-19 12:00:00,442.85,0
2026-01-19 13:00:00,461.06,0
2026-01-19 14:00:00,453.87,0
2026-01-19 15:00:00,442.85,0
2026-01-19 16:00:00,458.67,0
2026-01-19 17:00:00,441.93,0
2026-01-19 18:00:00,459.01,0
2026-01-19 19:00:00,412.4,0
2026-01-19 20:00:00,394.66,0
2026-01-19 21:00:00,362.13,0
2026-01-19 22:00:00,330.25,0
2026-01-19 23:00:00,324.89,0
2026-01-20 00:00:00,270.03,0
2026-01-20 01:00:00,280.34,0
2026-01-20 02:00:00,274.76,0
2026-01-20 03:00:00,237.27,0
2026-01-20 04:00:00,237.52,0
2026-01-20 05:00:00,259.38,0
2026-01-20 06:00:00,257.01,0
2026-01-20 07:00:00,268.15,0
2026-01-20 08:00:00,301.91,0
2026-01-20 09:00:00,342.82,0
2026-01-20 10:00:00,372.61,0
2026-01-20 11:00:00,386.23,0
2026-01-20 12:00:00,451.49,0
2026-01-20 13:00:00,456.43,0
2026-01-20 14:00:00,458.17,0
2026-01-20 15:00:00,462.37,0
2026-01-20 16:00:00,463.17,0
2026-01-20 17:00:00,452.28,0
2026-01-20 18:00:00,432.28,0
2026-01-20 19:00:00,422.48,0
2026-01-20 20:00:00,374.32,0
2026-01-20 21:00:00,345.3,0
2026-01-20 22:00:00,287.37,0
2026-01-20 23:00:00,302.19,0
2026-01-21 00:00:00,255.51,0
2026-01-21 01:00:00,264.8,0
2026-01-21 02:00:00,250.48,0
2026-01-21 03:00:00,244.0,0
2026-01-21 04:00:00,265.87,0
2026-01-21 05:00:00,281.77,0
2026-01-21 06:00:00,282.95,0
2026-01-21 07:00:00,284.57,0
2026-01-21 08:00:00,304.09,0
2026-01-21 09:00:00,323.47,1
2026-01-21 10:00:00,359.85,0
2026-01-21 11:00:00,394.27,0
2026-01-21 12:00:00,403.87,0
2026-01-21 13:00:00,435.54,0
2026-01-21 14:00:00,424.15,0
2026-01-21 15:00:00,461.24,0
2026-01-21 16:00:00,453.44,0
2026-01-21 17:00:00,411.45,0
2026-01-21 18:00:00,457.72,0
2026-01-21 19:00:00,430.43,0
2026-01-21 20:00:00,346.12,0
2026-01-21 21:00:00,354.17,0
2026-01-21 22:00:00,358.08,0
2026-01-21 23:00:00,294.4,0
2026-01-22 00:00:00,283.25,0
2026-01-22 01:00:00,257.05,0
2026-01-22 02:00:00,258.07,0
2026-01-22 03:00:00,262.16,0
2026-01-22 04:00:00,225.27,0
2026-01-22 05:00:00,246.92,0
2026-01-22 06:00:00,268.02,0
2026-01-22 07:00:00,294.08,0
2026-01-22 08:00:00,321.7,0
2026-01-22 09:00:00,344.01,0
2026-01-22 10:00:00,359.43,0
2026-01-22 11:00:00,405.74,0
2026-01-22 12:00:00,397.22,0
2026-01-22 13:00:00,435.24,0
2026-01-22 14:00:00,448.59,0
2026-01-22 15:00:00,456.97,0
2026-01-22 16:00:00,457.86,0
2026-01-22 17:00:00,451.16,0
2026-01-22 18:00:00,450.26,0
2026-01-22 19:00:00,393.77,0
2026-01-22 20:00:00,391.95,0
2026-01-22 21:00:00,368.71,0
2026-01-22 22:00:00,331.08,0
2026-01-22 23:00:00,271.28,0
2026-01-23 00:00:00,280.45,0
2026-01-23 01:00:00,270.86,0
2026-01-23 02:00:00,258.79,0
2026-01-23 03:00:00,245.98,0
2026-01-23 04:00:00,233.4,0
2026-01-23 05:00:00,245.65,0
2026-01-23 06:00:00,226.63,0
2026-01-23 07:00:00,282.34,0
2026-01-23 08:00:00,360.39,0
2026-01-23 09:00:00,362.42,0
2026-01-23 10:00:00,347.85,0
2026-01-23 11:00:00,390.8,0
2026-01-23 12:00:00,405.3,0
2026-01-23 13:00:00,464.08,0
2026-01-23 14:00:00,478.69,0
2026-01-23 15:00:00,446.48,0
2026-01-23 16:00:00,470.55,0
2026-01-23 17:00:00,455.29,0
2026-01-23 18:00:00,423.4,0
2026-01-23 19:00:00,411.54,0
2026-01-23 20:00:00,379.56,0
2026-01-23 21:00:00,364.57,0
2026-01-23 22:00:00,295.46,0
2026-01-23 23:00:00,293.49,0
2026-01-24 00:00:00,231.51,0
2026-01-24 01:00:00,246.87,0
2026-01-24 02:00:00,212.07,0
2026-01-24 03:00:00,199.59,0
2026-01-24 04:00:00,198.68,0
2026-01-24 05:00:00,241.01,0
2026-01-24 06:00:00,230.95,0
2026-01-24 07:00:00,268.74,0
2026-01-24 08:00:00,315.28,0
2026-01-24 09:00:00,313.78,0
2026-01-24 10:00:00,335.47,0
2026-01-24 11:00:00,358.97,0
2026-01-24 12:00:00,397.0,0
2026-01-24 13:00:00,416.4,0
2026-01-24 14:00:00,448.97,0
2026-01-24 15:00:00,403.63,0
2026-01-24 16:00:00,459.63,0
2026-01-24 17:00:00,398.67,0
2026-01-24 18:00:00,399.32,0
2026-01-24 19:00:00,396.46,0
2026-01-24 20:00:00,325.19,0
2026-01-24 21:00:00,333.34,0
2026-01-24 22:00:00,296.48,0
2026-01-24 23:00:00,292.13,0
2026-01-25 00:00:00,259.73,0
2026-01-25 01:00:00,233.17,0
2026-01-25 02:00:00,214.2,0
2026-01-25 03:00:00,214.74,0
2026-01-25 04:00:00,219.83,0
2026-01-25 05:00:00,232.82,0
2026-01-25 06:00:00,274.31,0
2026-01-25 07:00:00,274.25,0
2026-01-25 08:00:00,319.16,0
2026-01-25 09:00:00,323.84,0
2026-01-25 10:00:00,377.43,0
2026-01-25 11:00:00,366.46,0
2026-01-25 12:00:00,386.85,0
2026-01-25 13:00:00,411.88,0
2026-01-25 14:00:00,419.74,0
2026-01-25 15:00:00,436.37,0
2026-01-25 16:00:00,431.08,0
2026-01-25 17:00:00,426.27,0
2026-01-25 18:00:00,426.18,0
2026-01-25 19:00:00,365.4,0
2026-01-25 20:00:00,343.73,0
2026-01-25 21:00:00,302.12,1
2026-01-25 22:00:00,295.17,0
2026-01-25 23:00:00,269.91,0
2026-01-26 00:00:00,260.34,0
2026-01-26 01:00:00,245.58,0
2026-01-26 02:00:00,241.08,0
2026-01-26 03:00:00,225.77,0
2026-01-26 04:00:00,225.94,0
2026-01-26 05:00:00,241.77,0
2026-01-26 06:00:00,262.4,0
2026-01-26 07:00:00,312.18,0
2026-01-26 08:00:00,320.6,0
2026-01-26 09:00:00,325.48,0
2026-01-26 10:00:00,367.44,0
2026-01-26 11:00:00,363.99,0
2026-01-26 12:00:00,433.29,0
2026-01-26 13:00:00,453.53,0
2026-01-26 14:00:00,420.59,0
2026-01-26 15:00:00,434.68,0
2026-01-26 16:00:00,434.64,0
2026-01-26 17:00:00,415.86,0
2026-01-26 18:00:00,397.44,0
2026-01-26 19:00:00,381.77,0
2026-01-26 20:00:00,344.78,0
2026-01-26 21:00:00,344.15,0
2026-01-26 22:00:00,311.35,0
2026-01-26 23:00:00,309.55,0
2026-01-27 00:00:00,280.14,0
2026-01-27 01:00:00,248.72,0
2026-01-27 02:00:00,246.71,0
2026-01-27 03:00:00,256.52,0
2026-01-27 04:00:00,234.13,0
2026-01-27 05:00:00,246.3,0
2026-01-27 06:00:00,266.95,0
2026-01-27 07:00:00,278.32,0
2026-01-27 08:00:00,314.11,0
2026-01-27 09:00:00,336.57,0
2026-01-27 10:00:00,389.04,0
2026-01-27 11:00:00,390.24,0
2026-01-27 12:00:00,413.1,0
2026-01-27 13:00:00,460.83,0
2026-01-27 14:00:00,459.08,0
2026-01-27 15:00:00,447.79,0
2026-01-27 16:00:00,457.2,0
2026-01-27 17:00:00,467.34,0
2026-01-27 18:00:00,427.44,0
2026-01-27 19:00:00,425.21,0
2026-01-27 20:00:00,380.81,0
2026-01-27 21:00:00,357.72,0
2026-01-27 22:00:00,339.22,0
2026-01-27 23:00:00,282.98,0
2026-01-28 00:00:00,281.41,0
2026-01-28 01:00:00,233.67,0
2026-01-28 02:00:00,228.25,0
2026-01-28 03:00:00,260.67,0
2026-01-28 04:00:00,241.25,0
2026-01-28 05:00:00,242.61,0
2026-01-28 06:00:00,253.58,0
2026-01-28 07:00:00,277.77,0
2026-01-28 08:00:00,312.99,0
2026-01-28 09:00:00,321.24,0
2026-01-28 10:00:00,377.01,0
2026-01-28 11:00:00,395.53,0
2026-01-28 12:00:00,404.23,0
2026-01-28 13:00:00,442.71,0
2026-01-28 14:00:00,475.43,0
2026-01-28 15:00:00,442.79,0
2026-01-28 16:00:00,465.15,0
2026-01-28 17:00:00,446.04,0
2026-01-28 18:00:00,432.39,0
2026-01-28 19:00:00,408.27,0
2026-01-28 20:00:00,390.53,0
2026-01-28 21:00:00,347.21,0
2026-01-28 22:00:00,317.72,0
2026-01-28 23:00:00,297.05,0
2026-01-29 00:00:00,282.86,0
2026-01-29 01:00:00,252.49,0
2026-01-29 02:00:00,279.44,0
2026-01-29 03:00:00,235.32,0
2026-01-29 04:00:00,227.08,0
2026-01-29 05:00:00,255.62,0
2026-01-29 06:00:00,248.14,0
2026-01-29 07:00:00,260.1,0
2026-01-29 08:00:00,312.43,0
2026-01-29 09:00:00,365.03,0
2026-01-29 10:00:00,380.21,0
2026-01-29 11:00:00,380.79,0
2026-01-29 12:00:00,424.61,0
2026-01-29 13:00:00,424.96,0
2026-01-29 14:00:00,472.07,0
2026-01-29 15:00:00,446.67,0
2026-01-29 16:00:00,446.24,0
2026-01-29 17:00:00,439.79,0
2026-01-29 18:00:00,409.09,0
2026-01-29 19:00:00,393.47,0
2026-01-29 20:00:00,382.13,0
2026-01-29 21:00:00,367.94,0
2026-01-29 22:00:00,322.63,0
2026-01-29 23:00:00,293.15,0
2026-01-30 00:00:00,269.27,0
2026-01-30 01:00:00,261.69,0
2026-01-30 02:00:00,236.91,0
2026-01-30 03:00:00,252.77,0
2026-01-30 04:00:00,257.55,0
2026-01-30 05:00:00,227.68,0
2026-01-30 06:00:00,284.65,0
2026-01-30 07:00:00,305.14,0
2026-01-30 08:00:00,319.0,0
2026-01-30 09:00:00,312.01,0
2026-01-30 10:00:00,376.39,0
2026-01-30 11:00:00,375.96,0
2026-01-30 12:00:00,435.65,0
2026-01-30 13:00:00,432.58,0
2026-01-30 14:00:00,463.73,0
2026-01-30 15:00:00,435.15,0
2026-01-30 16:00:00,483.85,0
2026-01-30 17:00:00,450.44,0
2026-01-30 18:00:00,434.77,0
2026-01-30 19:00:00,424.96,0
2026-01-30 20:00:00,381.87,0
2026-01-30 21:00:00,365.1,0
2026-01-30 22:00:00,327.46,0
2026-01-30 23:00:00,309.39,0
2026-01-31 00:00:00,268.48,0
2026-01-31 01:00:00,260.83,0
2026-01-31 02:00:00,207.93,0
2026-01-31 03:00:00,206.59,0
2026-01-31 04:00:00,235.76,0
2026-01-31 05:00:00,236.88,0
2026-01-31 06:00:00,243.06,0
2026-01-31 07:00:00,270.44,0
2026-01-31 08:00:00,276.63,0
2026-01-31 09:00:00,333.72,0
2026-01-31 10:00:00,349.38,0
2026-01-31 11:00:00,378.42,0
2026-01-31 12:00:00,389.2,0
2026-01-31 13:00:00,426.24,0
2026-01-31 14:00:00,414.43,0
2026-01-31 15:00:00,422.28,0
2026-01-31 16:00:00,453.3,0
2026-01-31 17:00:00,389.22,0
2026-01-31 18:00:00,369.83,0
2026-01-31 19:00:00,387.93,0
2026-01-31 20:00:00,350.03,0
2026-01-31 21:00:00,307.62,0
2026-01-31 22:00:00,321.18,0
2026-01-31 23:00:00,294.69,0
2026-02-01 00:00:00,229.67,0
2026-02-01 01:00:00,211.6,0
2026-02-01 02:00:00,202.61,0
2026-02-01 03:00:00,210.76,0
2026-02-01 04:00:00,251.1,0
2026-02-01 05:00:00,229.8,0
2026-02-01 06:00:00,261.41,0
2026-02-01 07:00:00,283.35,0
2026-02-01 08:00:00,315.09,0
2026-02-01 09:00:00,301.01,0
2026-02-01 10:00:00,350.02,0
2026-02-01 11:00:00,351.68,0
2026-02-01 12:00:00,398.9,0
2026-02-01 13:00:00,429.16,0
2026-02-01 14:00:00,462.02,0
2026-02-01 15:00:00,419.39,0
2026-02-01 16:00:00,433.05,0
2026-02-01 17:00:00,430.67,0
2026-02-01 18:00:00,396.62,0
2026-02-01 19:00:00,408.09,0
2026-02-01 20:00:00,348.25,0
2026-02-01 21:00:00,327.72,0
2026-02-01 22:00:00,322.56,0
2026-02-01 23:00:00,269.36,0
2026-02-02 00:00:00,283.72,0
2026-02-02 01:00:00,241.66,0
2026-02-02 02:00:00,251.13,0
2026-02-02 03:00:00,226.6,0
2026-02-02 04:00:00,227.5,0
2026-02-02 05:00:00,201.7,0
2026-02-02 06:00:00,249.71,0
2026-02-02 07:00:00,307.27,0
2026-02-02 08:00:00,313.94,0
2026-02-02 09:00:00,323.83,0
2026-02-02 10:00:00,385.82,0
2026-02-02 11:00:00,388.6,0
2026-02-02 12:00:00,437.62,0
2026-02-02 13:00:00,452.35,0
2026-02-02 14:00:00,444.19,0
2026-02-02 15:00:00,472.78,0
2026-02-02 16:00:00,437.96,0
2026-02-02 17:00:00,414.95,0
2026-02-02 18:00:00,441.27,0
2026-02-02 19:00:00,407.56,0
2026-02-02 20:00:00,397.56,0
2026-02-02 21:00:00,372.12,0
2026-02-02 22:00:00,343.27,0
2026-02-02 23:00:00,285.99,0
2026-02-03 00:00:00,266.85,0
2026-02-03 01:00:00,257.76,0
2026-02-03 02:00:00,244.64,1
2026-02-03 03:00:00,205.84,0
2026-02-03 04:00:00,240.34,0
2026-02-03 05:00:00,254.49,0
2026-02-03 06:00:00,251.94,0
2026-02-03 07:00:00,269.45,0
2026-02-03 08:00:00,300.68,0
2026-02-03 09:00:00,350.54,0
2026-02-03 10:00:00,346.69,0
2026-02-03 11:00:00,427.49,0
2026-02-03 12:00:00,395.84,0
2026-02-03 13:00:00,424.25,0
2026-02-03 14:00:00,458.79,0
2026-02-03 15:00:00,465.76,0
2026-02-03 16:00:00,452.07,0
2026-02-03 17:00:00,432.4,0
2026-02-03 18:00:00,415.43,0
2026-02-03 19:00:00,390.5,0
2026-02-03 20:00:00,362.22,0
2026-02-03 21:00:00,352.94,0
2026-02-03 22:00:00,301.53,0
2026-02-03 23:00:00,277.04,0
2026-02-04 00:00:00,286.71,0
2026-02-04 01:00:00,244.51,0
2026-02-04 02:00:00,251.12,0
2026-02-04 03:00:00,224.08,0
2026-02-04 04:00:00,248.34,0
2026-02-04 05:00:00,272.63,0
2026-02-04 06:00:00,230.81,0
2026-02-04 07:00:00,273.29,0
2026-02-04 08:00:00,296.95,0
2026-02-04 09:00:00,357.94,0
2026-02-04 10:00:00,353.1,0
2026-02-04 11:00:00,405.59,0
2026-02-04 12:00:00,375.04,0
2026-02-04 13:00:00,437.71,0
2026-02-04 14:00:00,445.22,0
2026-02-04 15:00:00,474.18,0
2026-02-04 16:00:00,461.77,0
2026-02-04 17:00:00,435.1,0
2026-02-04 18:00:00,445.09,0
2026-02-04 19:00:00,423.83,0
2026-02-04 20:00:00,388.44,0
2026-02-04 21:00:00,365.27,0
2026-02-04 22:00:00,310.02,0
2026-02-04 23:00:00,298.58,0
2026-02-05 00:00:00,264.24,0
2026-02-05 01:00:00,251.26,0
2026-02-05 02:00:00,237.64,0
2026-02-05 03:00:00,229.71,0
2026-02-05 04:00:00,267.67,0
2026-02-05 05:00:00,247.32,0
2026-02-05 06:00:00,253.03,0
2026-02-05 07:00:00,251.0,0
2026-02-05 08:00:00,309.56,0
2026-02-05 09:00:00,348.93,0
2026-02-05 10:00:00,368.08,0
2026-02-05 11:00:00,391.11,0
2026-02-05 12:00:00,421.83,0
2026-02-05 13:00:00,428.62,0
2026-02-05 14:00:00,444.05,0
2026-02-05 15:00:00,461.69,0
2026-02-05 16:00:00,448.97,0
2026-02-05 17:00:00,431.3,0
2026-02-05 18:00:00,423.95,0
2026-02-05 19:00:00,404.22,0
2026-02-05 20:00:00,390.2,0
2026-02-05 21:00:00,351.33,0
2026-02-05 22:00:00,307.79,0
2026-02-05 23:00:00,328.63604269162533,1
2026-02-06 00:00:00,250.88,0
2026-02-06 01:00:00,235.19,0
2026-02-06 02:00:00,222.47,0
2026-02-06 03:00:00,222.0,0
2026-02-06 04:00:00,238.91,0
2026-02-06 05:00:00,216.93,0
2026-02-06 06:00:00,261.96,0
2026-02-06 07:00:00,299.03,0
2026-02-06 08:00:00,302.51,0
2026-02-06 09:00:00,331.0,0
2026-02-06 10:00:00,342.12,0
2026-02-06 11:00:00,362.96,0
2026-02-06 12:00:00,434.71,0
2026-02-06 13:00:00,435.53,0
2026-02-06 14:00:00,473.79,0
2026-02-06 15:00:00,428.52,0
2026-02-06 16:00:00,452.2,0
2026-02-06 17:00:00,427.91,0
2026-02-06 18:00:00,415.49,0
2026-02-06 19:00:00,433.62,0
2026-02-06 20:00:00,357.41,0
2026-02-06 21:00:00,359.42,0
2026-02-06 22:00:00,314.99,0
2026-02-06 23:00:00,278.68,0
2026-02-07 00:00:00,224.05,0
2026-02-07 01:00:00,225.77,0
2026-02-07 02:00:00,196.89,0
2026-02-07 03:00:00,205.94,0
2026-02-07 04:00:00,180.41,0
2026-02-07 05:00:00,222.78,0
2026-02-07 06:00:00,208.63,0
2026-02-07 07:00:00,256.29,0
2026-02-07 08:00:00,266.34,0
2026-02-07 09:00:00,330.92,0
2026-02-07 10:00:00,302.26,0
2026-02-07 11:00:00,368.1,0
2026-02-07 12:00:00,396.67,0
2026-02-07 13:00:00,416.46,0
2026-02-07 14:00:00,402.0,0
2026-02-07 15:00:00,392.37,0
2026-02-07 16:00:00,434.73,0
2026-02-07 17:00:00,412.94,0
2026-02-07 18:00:00,391.55,0
2026-02-07 19:00:00,386.26,0
2026-02-07 20:00:00,341.13,0
2026-02-07 21:00:00,303.3,0
2026-02-07 22:00:00,287.24,0
2026-02-07 23:00:00,259.39,0
2026-02-08 00:00:00,235.05,0
2026-02-08 01:00:00,225.72,0
2026-02-08 02:00:00,241.93,0
2026-02-08 03:00:00,190.2,0
2026-02-08 04:00:00,206.05,0
2026-02-08 05:00:00,220.32,0
2026-02-08 06:00:00,249.12,0
2026-02-08 07:00:00,274.14,0
2026-02-08 08:00:00,567.4078572664617,1
2026-02-08 09:00:00,309.42,0
2026-02-08 10:00:00,348.43,0
2026-02-08 11:00:00,346.45,0
2026-02-08 12:00:00,350.57,0
2026-02-08 13:00:00,456.11,0
2026-02-08 14:00:00,411.52,0
2026-02-08 15:00:00,417.09,0
2026-02-08 16:00:00,422.35,0
2026-02-08 17:00:00,420.09,0
2026-02-08 18:00:00,415.51,0
2026-02-08 19:00:00,380.64,0
2026-02-08 20:00:00,339.91,1
2026-02-08 21:00:00,357.79,0
2026-02-08 22:00:00,302.83,0
2026-02-08 23:00:00,280.2,0
2026-02-09 00:00:00,280.34,0
2026-02-09 01:00:00,211.93,0
2026-02-09 02:00:00,232.88,0
2026-02-09 03:00:00,221.12,0
2026-02-09 04:00:00,225.22,0
2026-02-09 05:00:00,230.75,0
2026-02-09 06:00:00,267.36,0
2026-02-09 07:00:00,284.8,0
2026-02-09 08:00:00,300.4,0
2026-02-09 09:00:00,331.96,0
2026-02-09 10:00:00,374.77,0
2026-02-09 11:00:00,387.43,0
2026-02-09 12:00:00,423.81,0
2026-02-09 13:00:00,436.5,0
2026-02-09 14:00:00,443.52,0
2026-02-09 15:00:00,430.83,0
2026-02-09 16:00:00,454.58,0
2026-02-09 17:00:00,765.9311159034232,1
2026-02-09 18:00:00,420.6,0
2026-02-09 19:00:00,383.43,0
2026-02-09 20:00:00,360.38,0
2026-02-09 21:00:00,347.06,0
2026-02-09 22:00:00,300.92,0
2026-02-09 23:00:00,284.45,0
2026-02-10 00:00:00,272.24,0
2026-02-10 01:00:00,247.72,0
2026-02-10 02:00:00,218.37,0
2026-02-10 03:00:00,380.2191017206977,1
2026-02-10 04:00:00,264.62,0
2026-02-10 05:00:00,244.18,0
2026-02-10 06:00:00,258.21,0
2026-02-10 07:00:00,288.1,0
2026-02-10 08:00:00,337.54,1
2026-02-10 09:00:00,353.16,0
2026-02-10 10:00:00,332.62,0
2026-02-10 11:00:00,399.01,0
2026-02-10 12:00:00,423.89,0
2026-02-10 13:00:00,399.87,0
2026-02-10 14:00:00,455.81,0
2026-02-10 15:00:00,452.64,0
2026-02-10 16:00:00,464.81,0
2026-02-10 17:00:00,446.78,0
2026-02-10 18:00:00,432.36,0
2026-02-10 19:00:00,397.53,0
2026-02-10 20:00:00,377.67,0
2026-02-10 21:00:00,348.51,0
2026-02-10 22:00:00,308.91,0
2026-02-10 23:00:00,286.65,0
2026-02-11 00:00:00,266.58,0
2026-02-11 01:00:00,273.86,0
2026-02-11 02:00:00,234.53,0
2026-02-11 03:00:00,215.89,0
2026-02-11 04:00:00,220.52,0
2026-02-11 05:00:00,251.76,0
2026-02-11 06:00:00,249.3,0
2026-02-11 07:00:00,302.23,0
2026-02-11 08:00:00,304.34,0
2026-02-11 09:00:00,357.01,0
2026-02-11 10:00:00,353.72,0
2026-02-11 11:00:00,408.31,0
2026-02-11 12:00:00,412.05,0
2026-02-11 13:00:00,415.86,0
2026-02-11 14:00:00,428.73,0
2026-02-11 15:00:00,469.22,0
2026-02-11 16:00:00,419.84,0
2026-02-11 17:00:00,431.74,0
2026-02-11 18:00:00,421.92,0
2026-02-11 19:00:00,400.11,0
2026-02-11 20:00:00,378.59,0
2026-02-11 21:00:00,327.42,0
2026-02-11 22:00:00,339.63,0
2026-02-11 23:00:00,273.52,0
2026-02-12 00:00:00,257.59,0
2026-02-12 01:00:00,229.45,0
2026-02-12 02:00:00,243.47,0
2026-02-12 03:00:00,257.52,0
2026-02-12 04:00:00,250.04,0
2026-02-12 05:00:00,262.62,0
2026-02-12 06:00:00,241.07,0
2026-02-12 07:00:00,276.92,0
2026-02-12 08:00:00,302.16,0
2026-02-12 09:00:00,315.11,0
2026-02-12 10:00:00,355.63,0
2026-02-12 11:00:00,395.53,0
2026-02-12 12:00:00,391.35,0
2026-02-12 13:00:00,394.91,0
2026-02-12 14:00:00,419.21,0
2026-02-12 15:00:00,442.55,0
2026-02-12 16:00:00,405.0,0
2026-02-12 17:00:00,422.37,0
2026-02-12 18:00:00,410.48,0
2026-02-12 19:00:00,398.61,0
2026-02-12 20:00:00,370.27,0
2026-02-12 21:00:00,355.27,0
2026-02-12 22:00:00,314.71,0
2026-02-12 23:00:00,284.92,0
2026-02-13 00:00:00,276.54,0
2026-02-13 01:00:00,216.86,0
2026-02-13 02:00:00,249.67,0
2026-02-13 03:00:00,237.48,0
2026-02-13 04:00:00,274.17,0
2026-02-13 05:00:00,238.3,0
2026-02-13 06:00:00,246.67,0
2026-02-13 07:00:00,271.96,0
2026-02-13 08:00:00,292.05,0
2026-02-13 09:00:00,345.05,0
2026-02-13 10:00:00,358.87,0
2026-02-13 11:00:00,378.75,0
2026-02-13 12:00:00,406.42,0
2026-02-13 13:00:00,433.76,0
2026-02-13 14:00:00,414.33,0
2026-02-13 15:00:00,448.46,0
2026-02-13 16:00:00,439.99,0
2026-02-13 17:00:00,407.15,0
2026-02-13 18:00:00,366.48,0
2026-02-13 19:00:00,414.16,0
2026-02-13 20:00:00,366.53,0
2026-02-13 21:00:00,322.07,0
2026-02-13 22:00:00,331.85,0
2026-02-13 23:00:00,289.37,0
2026-02-14 00:00:00,229.42,0
2026-02-14 01:00:00,225.08,0
2026-02-14 02:00:00,211.91,0
2026-02-14 03:00:00,202.16,0
2026-02-14 04:00:00,194.94,0
2026-02-14 05:00:00,221.91,0
2026-02-14 06:00:00,239.92,0
2026-02-14 07:00:00,248.51,0
2026-02-14 08:00:00,272.05,0
2026-02-14 09:00:00,317.38,0
2026-02-14 10:00:00,366.54,0
2026-02-14 11:00:00,358.19,0
2026-02-14 12:00:00,397.85,0
2026-02-14 13:00:00,403.88,0
2026-02-14 14:00:00,430.46,0
2026-02-14 15:00:00,328.0738781234195,1
2026-02-14 16:00:00,412.85,0
2026-02-14 17:00:00,418.69,0
2026-02-14 18:00:00,391.84,0
2026-02-14 19:00:00,385.12,0
2026-02-14 20:00:00,360.5,0
2026-02-14 21:00:00,316.28,0
2026-02-14 22:00:00,285.01,0
2026-02-14 23:00:00,299.22,0
2026-02-15 00:00:00,250.94,0
2026-02-15 01:00:00,199.37,0
2026-02-15 02:00:00,209.77,0
2026-02-15 03:00:00,196.23,0
2026-02-15 04:00:00,206.06,0
2026-02-15 05:00:00,215.96,0
2026-02-15 06:00:00,233.27,0
2026-02-15 07:00:00,262.36,0
2026-02-15 08:00:00,286.63,0
2026-02-15 09:00:00,323.94,0
2026-02-15 10:00:00,314.24,0
2026-02-15 11:00:00,358.95,0
2026-02-15 12:00:00,387.71,0
2026-02-15 13:00:00,407.32,0
2026-02-15 14:00:00,401.77,0
2026-02-15 15:00:00,413.73,0
2026-02-15 16:00:00,406.16,1
2026-02-15 17:00:00,436.79,0
2026-02-15 18:00:00,361.28,0
2026-02-15 19:00:00,352.25,0
2026-02-15 20:00:00,348.83,0
2026-02-15 21:00:00,346.75,0
2026-02-15 22:00:00,257.18,0
2026-02-15 23:00:00,277.42,0
2026-02-16 00:00:00,259.55,0
2026-02-16 01:00:00,259.24,0
2026-02-16 02:00:00,230.51,0
2026-02-16 03:00:00,240.56,0
2026-02-16 04:00:00,240.47,0
2026-02-16 05:00:00,234.5,0
2026-02-16 06:00:00,259.3,0
2026-02-16 07:00:00,272.94,0
2026-02-16 08:00:00,294.11,0
2026-02-16 09:00:00,328.33,0
2026-02-16 10:00:00,367.07,0
2026-02-16 11:00:00,409.15,0
2026-02-16 12:00:00,398.42,0
2026-02-16 13:00:00,429.14,0
2026-02-16 14:00:00,452.33,0
2026-02-16 15:00:00,440.22,0
2026-02-16 16:00:00,416.07,0
2026-02-16 17:00:00,328.33758257149043,1
2026-02-16 18:00:00,437.51,0
2026-02-16 19:00:00,389.05,0
2026-02-16 20:00:00,366.63,0
2026-02-16 21:00:00,332.61,0
2026-02-16 22:00:00,330.26,0
2026-02-16 23:00:00,284.18,0
2026-02-17 00:00:00,264.47,0
2026-02-17 01:00:00,239.23,0
2026-02-17 02:00:00,238.11,0
2026-02-17 03:00:00,227.24,0
2026-02-17 04:00:00,233.15,0
2026-02-17 05:00:00,245.38,0
2026-02-17 06:00:00,259.54,0
2026-02-17 07:00:00,278.86,0
2026-02-17 08:00:00,303.23,0
2026-02-17 09:00:00,328.61,0
2026-02-17 10:00:00,344.26,0
2026-02-17 11:00:00,400.29,0
2026-02-17 12:00:00,416.65,0
2026-02-17 13:00:00,420.31,0
2026-02-17 14:00:00,423.52,0
2026-02-17 15:00:00,412.34,0
2026-02-17 16:00:00,434.6,0
2026-02-17 17:00:00,421.97,0
2026-02-17 18:00:00,415.18,0
2026-02-17 19:00:00,413.68,0
2026-02-17 20:00:00,380.57,0
2026-02-17 21:00:00,361.65,0
2026-02-17 22:00:00,309.02,0
2026-02-17 23:00:00,306.86,0
2026-02-18 00:00:00,258.71,0
2026-02-18 01:00:00,224.28,0
2026-02-18 02:00:00,220.81,0
2026-02-18 03:00:00,239.38,0
2026-02-18 04:00:00,227.62,0
2026-02-18 05:00:00,236.59,0
2026-02-18 06:00:00,237.32,0
2026-02-18 07:00:00,286.47,0
2026-02-18 08:00:00,310.55,0
2026-02-18 09:00:00,335.64,0
2026-02-18 10:00:00,357.91,0
2026-02-18 11:00:00,382.28,0
2026-02-18 12:00:00,419.52,0
2026-02-18 13:00:00,398.54,0
2026-02-18 14:00:00,428.87,0
2026-02-18 15:00:00,427.32,0
2026-02-18 16:00:00,447.57,0
2026-02-18 17:00:00,442.52,0
2026-02-18 18:00:00,397.92,0
2026-02-18 19:00:00,398.11,0
2026-02-18 20:00:00,742.7032756254058,1
2026-02-18 21:00:00,341.53,0
2026-02-18 22:00:00,338.92,0
2026-02-18 23:00:00,309.68,0
2026-02-19 00:00:00,258.87,0
2026-02-19 01:00:00,262.02,0
2026-02-19 02:00:00,244.65,0
2026-02-19 03:00:00,236.13,0
2026-02-19 04:00:00,223.27,0
2026-02-19 05:00:00,206.32,0
2026-02-19 06:00:00,251.24,0
2026-02-19 07:00:00,287.57,0
2026-02-19 08:00:00,334.41,0
2026-02-19 09:00:00,310.09,0
2026-02-19 10:00:00,335.38,0
2026-02-19 11:00:00,363.55,0
2026-02-19 12:00:00,423.51,0
2026-02-19 13:00:00,420.25,0
2026-02-19 14:00:00,453.15,0
2026-02-19 15:00:00,446.69,0
2026-02-19 16:00:00,425.6,0
2026-02-19 17:00:00,455.6,0
2026-02-19 18:00:00,441.25,1
2026-02-19 19:00:00,385.57,0
2026-02-19 20:00:00,380.95,0
2026-02-19 21:00:00,337.11,0
2026-02-19 22:00:00,316.06,0
2026-02-19 23:00:00,302.78,0
2026-02-20 00:00:00,237.28,0
2026-02-20 01:00:00,239.8,0
2026-02-20 02:00:00,230.17,0
2026-02-20 03:00:00,226.93,0
2026-02-20 04:00:00,208.15,0
2026-02-20 05:00:00,249.75,0
2026-02-20 06:00:00,238.72,0
2026-02-20 07:00:00,258.08,0
2026-02-20 08:00:00,302.53,0
2026-02-20 09:00:00,343.11,0
2026-02-20 10:00:00,398.52,0
2026-02-20 11:00:00,390.7,0
2026-02-20 12:00:00,403.0,0
2026-02-20 13:00:00,417.46,0
2026-02-20 14:00:00,439.43,0
2026-02-20 15:00:00,452.43,0
2026-02-20 16:00:00,421.71,0
2026-02-20 17:00:00,443.08,0
2026-02-20 18:00:00,394.86,0
2026-02-20 19:00:00,370.16,0
2026-02-20 20:00:00,372.29,0
2026-02-20 21:00:00,342.21,0
2026-02-20 22:00:00,306.29,0
2026-02-20 23:00:00,284.02,0
2026-02-21 00:00:00,241.86,0
2026-02-21 01:00:00,199.91,0
2026-02-21 02:00:00,218.14,0
2026-02-21 03:00:00,217.56,0
2026-02-21 04:00:00,220.84,0
2026-02-21 05:00:00,229.99,0
2026-02-21 06:00:00,240.66,0
2026-02-21 07:00:00,281.57,0
2026-02-21 08:00:00,277.98,0
2026-02-21 09:00:00,267.25,0
2026-02-21 10:00:00,351.48,0
2026-02-21 11:00:00,359.79,0
2026-02-21 12:00:00,371.52,0
2026-02-21 13:00:00,402.19,0
2026-02-21 14:00:00,415.72,0
2026-02-21 15:00:00,402.4,0
2026-02-21 16:00:00,424.16,0
2026-02-21 17:00:00,393.55,0
2026-02-21 18:00:00,381.92,0
2026-02-21 19:00:00,355.83,0
2026-02-21 20:00:00,382.09,0
2026-02-21 21:00:00,325.66,0
2026-02-21 22:00:00,307.41,0
2026-02-21 23:00:00,251.36,0
2026-02-22 00:00:00,235.34,0
2026-02-22 01:00:00,238.85,0
2026-02-22 02:00:00,229.16,0
2026-02-22 03:00:00,189.78,0
2026-02-22 04:00:00,211.7,0
2026-02-22 05:00:00,200.76,0
2026-02-22 06:00:00,221.29,0
2026-02-22 07:00:00,243.42,0
2026-02-22 08:00:00,244.91,0
2026-02-22 09:00:00,305.16,0
2026-02-22 10:00:00,345.83,0
2026-02-22 11:00:00,341.09,0
2026-02-22 12:00:00,367.42,0
2026-02-22 13:00:00,397.15,0
2026-02-22 14:00:00,433.64,0
2026-02-22 15:00:00,379.58,0
2026-02-22 16:00:00,420.21,0
2026-02-22 17:00:00,424.14,0
2026-02-22 18:00:00,379.88,0
2026-02-22 19:00:00,369.05,0
2026-02-22 20:00:00,353.25,0
2026-02-22 21:00:00,308.67,0
2026-02-22 22:00:00,307.72,0
2026-02-22 23:00:00,260.38,0
2026-02-23 00:00:00,278.25,0
2026-02-23 01:00:00,249.2,0
2026-02-23 02:00:00,231.53,0
2026-02-23 03:00:00,210.61,0
2026-02-23 04:00:00,214.18,0
2026-02-23 05:00:00,230.84,0
2026-02-23 06:00:00,237.88,0
2026-02-23 07:00:00,286.51,0
2026-02-23 08:00:00,264.78,0
2026-02-23 09:00:00,344.24,0
2026-02-23 10:00:00,313.34,0
2026-02-23 11:00:00,369.09,0
2026-02-23 12:00:00,419.01,0
2026-02-23 13:00:00,408.57,0
2026-02-23 14:00:00,447.93,0
2026-02-23 15:00:00,437.53,0
2026-02-23 16:00:00,445.39,0
2026-02-23 17:00:00,432.47,0
2026-02-23 18:00:00,399.86,0
2026-02-23 19:00:00,349.65,0
2026-02-23 20:00:00,361.62,0
2026-02-23 21:00:00,344.58,0
2026-02-23 22:00:00,300.77,0
2026-02-23 23:00:00,276.32,0
2026-02-24 00:00:00,276.39,0
2026-02-24 01:00:00,239.12,0
2026-02-24 02:00:00,231.35,0
2026-02-24 03:00:00,228.51,0
2026-02-24 04:00:00,225.95,0
2026-02-24 05:00:00,237.76,0
2026-02-24 06:00:00,264.96,0
2026-02-24 07:00:00,288.16,0
2026-02-24 08:00:00,307.12,0
2026-02-24 09:00:00,296.55,0
2026-02-24 10:00:00,332.4,0
2026-02-24 11:00:00,368.78,0
2026-02-24 12:00:00,381.04,0
2026-02-24 13:00:00,404.04,0
2026-02-24 14:00:00,443.37,0
2026-02-24 15:00:00,431.82,0
2026-02-24 16:00:00,422.78,0
2026-02-24 17:00:00,417.34,0
2026-02-24 18:00:00,402.43,0
2026-02-24 19:00:00,391.71,0
2026-02-24 20:00:00,389.67,0
2026-02-24 21:00:00,310.51,0
2026-02-24 22:00:00,330.17,0
2026-02-24 23:00:00,316.64,0
2026-02-25 00:00:00,276.02,0
2026-02-25 01:00:00,221.12,0
2026-02-25 02:00:00,220.09,0
2026-02-25 03:00:00,234.29,0
2026-02-25 04:00:00,219.58,0
2026-02-25 05:00:00,237.05,0
2026-02-25 06:00:00,252.47,0
2026-02-25 07:00:00,253.4,0
2026-02-25 08:00:00,299.68,0
2026-02-25 09:00:00,300.01,0
2026-02-25 10:00:00,351.1,0
2026-02-25 11:00:00,355.77,0
2026-02-25 12:00:00,400.83,0
2026-02-25 13:00:00,401.4,0
2026-02-25 14:00:00,433.98,0
2026-02-25 15:00:00,448.8,0
2026-02-25 16:00:00,440.44,0
2026-02-25 17:00:00,414.69,0
2026-02-25 18:00:00,401.66,0
2026-02-25 19:00:00,421.14,0
2026-02-25 20:00:00,375.01,0
2026-02-25 21:00:00,331.45,0
2026-02-25 22:00:00,295.46,0
2026-02-25 23:00:00,251.68,0
2026-02-26 00:00:00,267.88,0
2026-02-26 01:00:00,236.67,0
2026-02-26 02:00:00,257.38,0
2026-02-26 03:00:00,227.78,0
2026-02-26 04:00:00,251.46,0
2026-02-26 05:00:00,244.8,0
2026-02-26 06:00:00,251.53,0
2026-02-26 07:00:00,279.71,0
2026-02-26 08:00:00,290.79,0
2026-02-26 09:00:00,312.42,0
2026-02-26 10:00:00,327.85,0
2026-02-26 11:00:00,358.24,0
2026-02-26 12:00:00,412.73,0
2026-02-26 13:00:00,411.23,0
2026-02-26 14:00:00,451.71,0
2026-02-26 15:00:00,426.93,0
2026-02-26 16:00:00,431.81,0
2026-02-26 17:00:00,433.11,0
2026-02-26 18:00:00,429.69,0
2026-02-26 19:00:00,387.15,0
2026-02-26 20:00:00,338.85,1
2026-02-26 21:00:00,352.86,0
2026-02-26 22:00:00,301.83,0
2026-02-26 23:00:00,278.01,0
2026-02-27 00:00:00,252.58,0
2026-02-27 01:00:00,232.24,0
2026-02-27 02:00:00,238.18,0
2026-02-27 03:00:00,189.93,0
2026-02-27 04:00:00,232.01,0
2026-02-27 05:00:00,244.78,0
2026-02-27 06:00:00,229.11,0
2026-02-27 07:00:00,293.02,0
2026-02-27 08:00:00,310.46,0
2026-02-27 09:00:00,307.2,0
2026-02-27 10:00:00,350.07,0
2026-02-27 11:00:00,376.77,0
2026-02-27 12:00:00,394.48,0
2026-02-27 13:00:00,327.98976684896235,1
2026-02-27 14:00:00,423.28,0
2026-02-27 15:00:00,440.43,0
2026-02-27 16:00:00,430.24,0
2026-02-27 17:00:00,467.39,0
2026-02-27 18:00:00,383.25,0
2026-02-27 19:00:00,359.54,0
2026-02-27 20:00:00,356.5,0
2026-02-27 21:00:00,358.58,1
2026-02-27 22:00:00,265.55,0
2026-02-27 23:00:00,254.48,0
2026-02-28 00:00:00,217.13,0
2026-02-28 01:00:00,247.98,0
2026-02-28 02:00:00,207.41,0
2026-02-28 03:00:00,180.99,0
2026-02-28 04:00:00,221.94,0
2026-02-28 05:00:00,241.38,0
2026-02-28 06:00:00,209.41,0
2026-02-28 07:00:00,257.98,0
2026-02-28 08:00:00,280.87,0
2026-02-28 09:00:00,304.91,0
2026-02-28 10:00:00,313.29,0
2026-02-28 11:00:00,358.7,0
2026-02-28 12:00:00,383.22,0
2026-02-28 13:00:00,410.12,0
2026-02-28 14:00:00,391.21,0
2026-02-28 15:00:00,381.75,0
2026-02-28 16:00:00,401.9,0
2026-02-28 17:00:00,406.71,0
2026-02-28 18:00:00,386.05,0
2026-02-28 19:00:00,345.46,0
2026-02-28 20:00:00,341.72,0
2026-02-28 21:00:00,313.49,0
2026-02-28 22:00:00,298.41,0
2026-02-28 23:00:00,245.79,0
2026-03-01 00:00:00,228.61,0
2026-03-01 01:00:00,195.18,0
2026-03-01 02:00:00,221.04,0
2026-03-01 03:00:00,202.9,0
2026-03-01 04:00:00,173.39,0
2026-03-01 05:00:00,221.86,0
2026-03-01 06:00:00,237.54,0
2026-03-01 07:00:00,269.43,0
2026-03-01 08:00:00,269.39,0
2026-03-01 09:00:00,304.32,0
2026-03-01 10:00:00,302.04,0
2026-03-01 11:00:00,391.23,0
2026-03-01 12:00:00,369.73,0
2026-03-01 13:00:00,381.44,0
2026-03-01 14:00:00,394.74,0
2026-03-01 15:00:00,401.77,0
2026-03-01 16:00:00,427.75,0
2026-03-01 17:00:00,408.15,0
2026-03-01 18:00:00,404.41,0
2026-03-01 19:00:00,366.48,0
2026-03-01 20:00:00,337.66,0
2026-03-01 21:00:00,286.27,0
2026-03-01 22:00:00,304.77,0
2026-03-01 23:00:00,267.97,0
2026-03-02 00:00:00,265.99,0
2026-03-02 01:00:00,242.37,0
2026-03-02 02:00:00,211.64,0
2026-03-02 03:00:00,229.85,0
2026-03-02 04:00:00,233.97,0
2026-03-02 05:00:00,247.22,0
2026-03-02 06:00:00,250.28,0
2026-03-02 07:00:00,291.87,0
2026-03-02 08:00:00,291.33,0
2026-03-02 09:00:00,337.81,0
2026-03-02 10:00:00,346.98,0
2026-03-02 11:00:00,356.35,0
2026-03-02 12:00:00,408.27,0
2026-03-02 13:00:00,408.78,0
2026-03-02 14:00:00,427.36,0
2026-03-02 15:00:00,428.69,0
2026-03-02 16:00:00,439.49,0
2026-03-02 17:00:00,405.55,0
2026-03-02 18:00:00,408.09,0
2026-03-02 19:00:00,362.66,0
2026-03-02 20:00:00,346.25,0
2026-03-02 21:00:00,342.55,0
2026-03-02 22:00:00,313.02,0
2026-03-02 23:00:00,285.15,0
2026-03-03 00:00:00,248.57,0
2026-03-03 01:00:00,247.96,0
2026-03-03 02:00:00,214.68,0
2026-03-03 03:00:00,217.88,0
2026-03-03 04:00:00,224.15,0
2026-03-03 05:00:00,214.93,0
2026-03-03 06:00:00,253.73,0
2026-03-03 07:00:00,259.06,0
2026-03-03 08:00:00,316.3,0
2026-03-03 09:00:00,304.89,0
2026-03-03 10:00:00,354.65,0
2026-03-03 11:00:00,368.54,0
2026-03-03 12:00:00,393.48,0
2026-03-03 13:00:00,420.36,0
2026-03-03 14:00:00,441.99,0
2026-03-03 15:00:00,440.75,0
2026-03-03 16:00:00,407.82,0
2026-03-03 17:00:00,403.69,0
2026-03-03 18:00:00,374.6,0
2026-03-03 19:00:00,327.7758001001447,1
2026-03-03 20:00:00,387.77,0
2026-03-03 21:00:00,323.75,0
2026-03-03 22:00:00,342.36,0
2026-03-03 23:00:00,286.11,0
2026-03-04 00:00:00,263.83,0
2026-03-04 01:00:00,235.42,0
2026-03-04 02:00:00,220.83,0
2026-03-04 03:00:00,204.68,0
2026-03-04 04:00:00,196.44,0
2026-03-04 05:00:00,213.24,0
2026-03-04 06:00:00,208.78,0
2026-03-04 07:00:00,263.14,0
2026-03-04 08:00:00,256.5,0
2026-03-04 09:00:00,330.55,0
2026-03-04 10:00:00,343.56,0
2026-03-04 11:00:00,381.5,0
2026-03-04 12:00:00,379.32,0
2026-03-04 13:00:00,398.38,0
2026-03-04 14:00:00,423.76,0
2026-03-04 15:00:00,445.34,0
2026-03-04 16:00:00,460.13,0
2026-03-04 17:00:00,428.62,0
2026-03-04 18:00:00,378.77,0
2026-03-04 19:00:00,361.35,0
2026-03-04 20:00:00,333.81,0
2026-03-04 21:00:00,318.53,0
2026-03-04 22:00:00,304.29,0
2026-03-04 23:00:00,274.42,0
2026-03-05 00:00:00,239.72,0
2026-03-05 01:00:00,226.91,0
2026-03-05 02:00:00,223.04,0
2026-03-05 03:00:00,223.87,0
2026-03-05 04:00:00,190.98,0
2026-03-05 05:00:00,230.26,0
2026-03-05 06:00:00,262.88,0
2026-03-05 07:00:00,217.45,0
2026-03-05 08:00:00,304.87,0
2026-03-05 09:00:00,322.9,0
2026-03-05 10:00:00,359.31,0
2026-03-05 11:00:00,360.35,0
2026-03-05 12:00:00,406.98,0
2026-03-05 13:00:00,418.17,0
2026-03-05 14:00:00,402.25,0
2026-03-05 15:00:00,431.03,0
2026-03-05 16:00:00,427.5,0
2026-03-05 17:00:00,415.0,0
2026-03-05 18:00:00,398.16,0
2026-03-05 19:00:00,328.15247180642024,1
2026-03-05 20:00:00,349.43,0
2026-03-05 21:00:00,317.62,0
2026-03-05 22:00:00,309.54,0
2026-03-05 23:00:00,292.55,0
2026-03-06 00:00:00,249.88,0
2026-03-06 01:00:00,211.49,0
2026-03-06 02:00:00,218.65,0
2026-03-06 03:00:00,219.69,0
2026-03-06 04:00:00,243.24,0
2026-03-06 05:00:00,217.34,0
2026-03-06 06:00:00,227.62,0
2026-03-06 07:00:00,257.17,0
2026-03-06 08:00:00,289.57,0
2026-03-06 09:00:00,323.58,0
2026-03-06 10:00:00,321.42,0
2026-03-06 11:00:00,370.8,0
2026-03-06 12:00:00,380.04,0
2026-03-06 13:00:00,409.51,0
2026-03-06 14:00:00,435.17,0
2026-03-06 15:00:00,418.65,0
2026-03-06 16:00:00,410.59,0
2026-03-06 17:00:00,417.18,0
2026-03-06 18:00:00,421.86,0
2026-03-06 19:00:00,390.5,0
2026-03-06 20:00:00,344.02,0
2026-03-06 21:00:00,323.16,0
2026-03-06 22:00:00,282.75,0
2026-03-06 23:00:00,255.99,0
2026-03-07 00:00:00,241.92,0
2026-03-07 01:00:00,230.81,0
2026-03-07 02:00:00,208.39,0
2026-03-07 03:00:00,181.56,0
2026-03-07 04:00:00,181.46,0
2026-03-07 05:00:00,200.36,0
2026-03-07 06:00:00,209.61,0
2026-03-07 07:00:00,236.62,0
2026-03-07 08:00:00,288.24,0
2026-03-07 09:00:00,307.81,1
2026-03-07 10:00:00,304.77,0
2026-03-07 11:00:00,358.21,0
2026-03-07 12:00:00,379.37,0
2026-03-07 13:00:00,383.72,0
2026-03-07 14:00:00,401.16,0
2026-03-07 15:00:00,425.51,0
2026-03-07 16:00:00,411.15,0
2026-03-07 17:00:00,358.78,0
2026-03-07 18:00:00,347.1,0
2026-03-07 19:00:00,368.96,0
2026-03-07 20:00:00,334.82,0
2026-03-07 21:00:00,303.02,0
2026-03-07 22:00:00,292.79,0
2026-03-07 23:00:00,230.5,0
2026-03-08 00:00:00,214.6,0
2026-03-08 01:00:00,213.25,0
2026-03-08 02:00:00,208.89,0
2026-03-08 03:00:00,191.97,0
2026-03-08 04:00:00,179.09,0
2026-03-08 05:00:00,209.28,0
2026-03-08 06:00:00,227.47,0
2026-03-08 07:00:00,242.94,0
2026-03-08 08:00:00,233.94,0
2026-03-08 09:00:00,296.77,0
2026-03-08 10:00:00,326.27,0
2026-03-08 11:00:00,356.51,0
2026-03-08 12:00:00,369.22,0
2026-03-08 13:00:00,359.37,0
2026-03-08 14:00:00,407.23,0
2026-03-08 15:00:00,397.83,0
2026-03-08 16:00:00,383.03,0
2026-03-08 17:00:00,362.69,0
2026-03-08 18:00:00,383.52,0
2026-03-08 19:00:00,387.37,0
2026-03-08 20:00:00,337.17,0
2026-03-08 21:00:00,338.83,0
2026-03-08 22:00:00,299.59,0
2026-03-08 23:00:00,250.32,0
2026-03-09 00:00:00,270.2,0
2026-03-09 01:00:00,253.72,0
2026-03-09 02:00:00,237.57,0
2026-03-09 03:00:00,193.98,0
2026-03-09 04:00:00,205.99,0
2026-03-09 05:00:00,213.98,0
2026-03-09 06:00:00,258.18,0
2026-03-09 07:00:00,236.76,0
2026-03-09 08:00:00,310.04,0
2026-03-09 09:00:00,318.9,0
2026-03-09 10:00:00,342.75,0
2026-03-09 11:00:00,354.32,0
2026-03-09 12:00:00,386.49,0
2026-03-09 13:00:00,420.82,0
2026-03-09 14:00:00,413.82,0
2026-03-09 15:00:00,422.62,0
2026-03-09 16:00:00,733.6567926715762,1
2026-03-09 17:00:00,435.35,0
2026-03-09 18:00:00,431.58,0
2026-03-09 19:00:00,363.17,0
2026-03-09 20:00:00,365.24,0
2026-03-09 21:00:00,308.05,0
2026-03-09 22:00:00,290.05,0
2026-03-09 23:00:00,260.34,0
2026-03-10 00:00:00,266.92,0
2026-03-10 01:00:00,230.64,0
2026-03-10 02:00:00,229.51,0
2026-03-10 03:00:00,227.85,0
2026-03-10 04:00:00,206.78,0
2026-03-10 05:00:00,215.77,0
2026-03-10 06:00:00,233.07,0
2026-03-10 07:00:00,261.0,0
2026-03-10 08:00:00,285.7,0
2026-03-10 09:00:00,291.64,0
2026-03-10 10:00:00,708.9688745309772,1
2026-03-10 11:00:00,377.5,0
2026-03-10 12:00:00,414.12,0
2026-03-10 13:00:00,414.71,0
2026-03-10 14:00:00,404.28,0
2026-03-10 15:00:00,411.72,0
2026-03-10 16:00:00,405.22,0
2026-03-10 17:00:00,394.36,0
2026-03-10 18:00:00,410.56,0
2026-03-10 19:00:00,353.12,0
2026-03-10 20:00:00,342.22,0
2026-03-10 21:00:00,321.03,0
2026-03-10 22:00:00,275.36,0
2026-03-10 23:00:00,275.64,0
2026-03-11 00:00:00,240.85,0
2026-03-11 01:00:00,237.55,0
2026-03-11 02:00:00,218.52,0
2026-03-11 03:00:00,211.39,0
2026-03-11 04:00:00,207.15,0
2026-03-11 05:00:00,185.9,0
2026-03-11 06:00:00,229.19,0
2026-03-11 07:00:00,268.42,0
2026-03-11 08:00:00,281.33,0
2026-03-11 09:00:00,310.44,0
2026-03-11 10:00:00,365.04,0
2026-03-11 11:00:00,376.05,0
2026-03-11 12:00:00,406.94,0
2026-03-11 13:00:00,366.46,0
2026-03-11 14:00:00,446.25,0
2026-03-11 15:00:00,417.15,0
2026-03-11 16:00:00,424.82,0
2026-03-11 17:00:00,436.33,0
2026-03-11 18:00:00,356.01,0
2026-03-11 19:00:00,374.53,0
2026-03-11 20:00:00,328.4054325382361,1
2026-03-11 21:00:00,305.69,0
2026-03-11 22:00:00,304.03,0
2026-03-11 23:00:00,484.3357061111018,1
2026-03-12 00:00:00,246.36,0
2026-03-12 01:00:00,237.15,0
2026-03-12 02:00:00,240.69,0
2026-03-12 03:00:00,217.66,0
2026-03-12 04:00:00,233.55,0
2026-03-12 05:00:00,201.3,0
2026-03-12 06:00:00,248.74,0
2026-03-12 07:00:00,264.37,0
2026-03-12 08:00:00,298.43,0
2026-03-12 09:00:00,294.76,0
2026-03-12 10:00:00,350.91,0
2026-03-12 11:00:00,354.28,0
2026-03-12 12:00:00,417.53,0
2026-03-12 13:00:00,400.62,0
2026-03-12 14:00:00,399.77,0
2026-03-12 15:00:00,407.32,0
2026-03-12 16:00:00,443.05,0
2026-03-12 17:00:00,421.64,0
2026-03-12 18:00:00,418.77,0
2026-03-12 19:00:00,370.04,0
2026-03-12 20:00:00,341.16,0
2026-03-12 21:00:00,309.36,0
2026-03-12 22:00:00,283.87,0
2026-03-12 23:00:00,241.65,0
2026-03-13 00:00:00,233.28,0
2026-03-13 01:00:00,210.55,0
2026-03-13 02:00:00,221.82,0
2026-03-13 03:00:00,220.62,0
2026-03-13 04:00:00,215.92,0
2026-03-13 05:00:00,216.62,0
2026-03-13 06:00:00,241.0,0
2026-03-13 07:00:00,257.61,0
2026-03-13 08:00:00,310.77,0
2026-03-13 09:00:00,290.54,0
2026-03-13 10:00:00,327.63,0
2026-03-13 11:00:00,375.27,0
2026-03-13 12:00:00,384.61,0
2026-03-13 13:00:00,417.86,0
2026-03-13 14:00:00,400.13,0
2026-03-13 15:00:00,431.65,0
2026-03-13 16:00:00,425.68,0
2026-03-13 17:00:00,389.99,0
2026-03-13 18:00:00,391.4,0
2026-03-13 19:00:00,340.95,0
2026-03-13 20:00:00,377.52,0
2026-03-13 21:00:00,296.27,0
2026-03-13 22:00:00,295.17,0
2026-03-13 23:00:00,263.59,0
2026-03-14 00:00:00,208.07,0
2026-03-14 01:00:00,223.19,0
2026-03-14 02:00:00,185.28,0
2026-03-14 03:00:00,187.09,0
2026-03-14 04:00:00,180.78,0
2026-03-14 05:00:00,191.46,0
2026-03-14 06:00:00,209.25,0
2026-03-14 07:00:00,256.97,0
2026-03-14 08:00:00,270.45,0
2026-03-14 09:00:00,284.08,0
2026-03-14 10:00:00,310.99,0
2026-03-14 11:00:00,312.32,0
2026-03-14 12:00:00,384.49,0
2026-03-14 13:00:00,377.77,0
2026-03-14 14:00:00,389.29,0
2026-03-14 15:00:00,365.61,0
2026-03-14 16:00:00,397.77,0
2026-03-14 17:00:00,414.5,0
2026-03-14 18:00:00,378.43,0
2026-03-14 19:00:00,367.73,0
2026-03-14 20:00:00,329.69,0
2026-03-14 21:00:00,256.46,0
2026-03-14 22:00:00,291.29,0
2026-03-14 23:00:00,246.68,0
2026-03-15 00:00:00,241.27,0
2026-03-15 01:00:00,216.14,0
2026-03-15 02:00:00,178.89,0
2026-03-15 03:00:00,178.55,0
2026-03-15 04:00:00,185.93,0
2026-03-15 05:00:00,201.47,0
2026-03-15 06:00:00,203.79,0
2026-03-15 07:00:00,213.21,0
2026-03-15 08:00:00,259.63,0
2026-03-15 09:00:00,272.74,0
2026-03-15 10:00:00,310.84,0
2026-03-15 11:00:00,344.95,0
2026-03-15 12:00:00,370.39,0
2026-03-15 13:00:00,368.06,0
2026-03-15 14:00:00,383.17,0
2026-03-15 15:00:00,327.2745462962963,1
2026-03-15 16:00:00,399.73,0
2026-03-15 17:00:00,376.61,0
2026-03-15 18:00:00,368.61,0
2026-03-15 19:00:00,347.59,0
2026-03-15 20:00:00,340.46,0
2026-03-15 21:00:00,322.4,0
2026-03-15 22:00:00,253.32,0
2026-03-15 23:00:00,258.83,0
2026-03-16 00:00:00,249.6,0
2026-03-16 01:00:00,224.17,0
2026-03-16 02:00:00,220.69,0
2026-03-16 03:00:00,208.21,0
2026-03-16 04:00:00,202.93,0
2026-03-16 05:00:00,222.28,0
2026-03-16 06:00:00,252.93,0
2026-03-16 07:00:00,249.9,0
2026-03-16 08:00:00,295.6,0
2026-03-16 09:00:00,312.68,0
2026-03-16 10:00:00,344.02,1
2026-03-16 11:00:00,342.33,0
2026-03-16 12:00:00,416.3,0
2026-03-16 13:00:00,391.36,0
2026-03-16 14:00:00,418.89,0
2026-03-16 15:00:00,415.55,0
2026-03-16 16:00:00,404.99,0
2026-03-16 17:00:00,387.59,0
2026-03-16 18:00:00,392.91,0
2026-03-16 19:00:00,378.78,0
2026-03-16 20:00:00,642.5884771582347,1
2026-03-16 21:00:00,324.49,0
2026-03-16 22:00:00,284.79,0
2026-03-16 23:00:00,248.01,0
2026-03-17 00:00:00,223.67,0
2026-03-17 01:00:00,226.96,0
2026-03-17 02:00:00,208.18,0
2026-03-17 03:00:00,220.2,0
2026-03-17 04:00:00,217.5,0
2026-03-17 05:00:00,225.15,0
2026-03-17 06:00:00,234.9,0
2026-03-17 07:00:00,258.64,0
2026-03-17 08:00:00,299.54,0
2026-03-17 09:00:00,331.11,0
2026-03-17 10:00:00,350.34,0
2026-03-17 11:00:00,337.67,0
2026-03-17 12:00:00,357.88,0
2026-03-17 13:00:00,392.51,0
2026-03-17 14:00:00,404.36,0
2026-03-17 15:00:00,430.68,0
2026-03-17 16:00:00,437.83,0
2026-03-17 17:00:00,405.46,0
2026-03-17 18:00:00,411.91,0
2026-03-17 19:00:00,399.51,0
2026-03-17 20:00:00,320.37,0
2026-03-17 21:00:00,297.57,0
2026-03-17 22:00:00,309.52,0
2026-03-17 23:00:00,282.38,0
2026-03-18 00:00:00,248.15,0
2026-03-18 01:00:00,220.89,1
2026-03-18 02:00:00,216.24,0
2026-03-18 03:00:00,205.54,0
2026-03-18 04:00:00,211.16,0
2026-03-18 05:00:00,236.53,0
2026-03-18 06:00:00,218.15,0
2026-03-18 07:00:00,252.5,0
2026-03-18 08:00:00,286.28,0
2026-03-18 09:00:00,306.71,0
2026-03-18 10:00:00,347.48,0
2026-03-18 11:00:00,367.69,0
2026-03-18 12:00:00,383.52,0
2026-03-18 13:00:00,385.28,0
2026-03-18 14:00:00,402.4,0
2026-03-18 15:00:00,403.67,0
2026-03-18 16:00:00,389.64,0
2026-03-18 17:00:00,435.3,0
2026-03-18 18:00:00,367.03,0
2026-03-18 19:00:00,398.39,0
2026-03-18 20:00:00,337.12,0
2026-03-18 21:00:00,320.67,0
2026-03-18 22:00:00,260.61,0
2026-03-18 23:00:00,275.61,0
2026-03-19 00:00:00,231.12,0
2026-03-19 01:00:00,220.98,0
2026-03-19 02:00:00,202.53,0
2026-03-19 03:00:00,318.7679062140883,1
2026-03-19 04:00:00,201.98,0
2026-03-19 05:00:00,211.92,0
2026-03-19 06:00:00,232.78,0
2026-03-19 07:00:00,278.65,0
2026-03-19 08:00:00,281.6,0
2026-03-19 09:00:00,308.05,0
2026-03-19 10:00:00,331.08,0
2026-03-19 11:00:00,362.36,0
2026-03-19 12:00:00,394.55,0
2026-03-19 13:00:00,384.45,0
2026-03-19 14:00:00,421.43,0
2026-03-19 15:00:00,414.34,0
2026-03-19 16:00:00,414.97,0
2026-03-19 17:00:00,424.94,0
2026-03-19 18:00:00,374.99,0
2026-03-19 19:00:00,340.34,0
2026-03-19 20:00:00,347.81,0
2026-03-19 21:00:00,280.93,0
2026-03-19 22:00:00,294.13,0
2026-03-19 23:00:00,246.44,0
2026-03-20 00:00:00,288.6,0
2026-03-20 01:00:00,233.04,0
2026-03-20 02:00:00,202.91,0
2026-03-20 03:00:00,216.04,0
2026-03-20 04:00:00,220.32,0
2026-03-20 05:00:00,199.28,0
2026-03-20 06:00:00,231.8,0
2026-03-20 07:00:00,272.35,0
2026-03-20 08:00:00,256.9,0
2026-03-20 09:00:00,300.66,0
2026-03-20 10:00:00,349.69,0
2026-03-20 11:00:00,358.1,0
2026-03-20 12:00:00,383.93,0
2026-03-20 13:00:00,410.49,0
2026-03-20 14:00:00,428.49,0
2026-03-20 15:00:00,421.31,0
2026-03-20 16:00:00,417.8,0
2026-03-20 17:00:00,414.95,0
2026-03-20 18:00:00,356.9,0
2026-03-20 19:00:00,391.55,0
2026-03-20 20:00:00,345.08,0
2026-03-20 21:00:00,306.78,0
2026-03-20 22:00:00,298.9,0
2026-03-20 23:00:00,273.88,0
2026-03-21 00:00:00,206.2,0
2026-03-21 01:00:00,192.5,0
2026-03-21 02:00:00,186.11,0
2026-03-21 03:00:00,184.99,0
2026-03-21 04:00:00,205.8,0
2026-03-21 05:00:00,196.41,0
2026-03-21 06:00:00,201.29,0
2026-03-21 07:00:00,218.87,0
2026-03-21 08:00:00,244.61,0
2026-03-21 09:00:00,286.82,0
2026-03-21 10:00:00,313.75,0
2026-03-21 11:00:00,341.62,0
2026-03-21 12:00:00,370.85,0
2026-03-21 13:00:00,379.03,0
2026-03-21 14:00:00,382.71,0
2026-03-21 15:00:00,384.95,0
2026-03-21 16:00:00,399.92,0
2026-03-21 17:00:00,421.92,1
2026-03-21 18:00:00,398.95,0
2026-03-21 19:00:00,346.51,0
2026-03-21 20:00:00,346.62,0
2026-03-21 21:00:00,284.27,0
2026-03-21 22:00:00,261.14,0
2026-03-21 23:00:00,255.76,0
2026-03-22 00:00:00,240.53,0
2026-03-22 01:00:00,204.83,0
2026-03-22 02:00:00,185.72,0
2026-03-22 03:00:00,172.67,0
2026-03-22 04:00:00,174.37,0
2026-03-22 05:00:00,195.65,0
2026-03-22 06:00:00,238.01,0
2026-03-22 07:00:00,228.1,0
2026-03-22 08:00:00,244.34,0
2026-03-22 09:00:00,246.71,0
2026-03-22 10:00:00,331.11,0
2026-03-22 11:00:00,338.75,0
2026-03-22 12:00:00,328.43,0
2026-03-22 13:00:00,385.47,0
2026-03-22 14:00:00,368.42,0
2026-03-22 15:00:00,416.25,0
2026-03-22 16:00:00,390.51,0
2026-03-22 17:00:00,369.64,0
2026-03-22 18:00:00,388.36,0
2026-03-22 19:00:00,370.9,0
2026-03-22 20:00:00,318.26,0
2026-03-22 21:00:00,303.54,0
2026-03-22 22:00:00,259.33,0
2026-03-22 23:00:00,218.0,0
2026-03-23 00:00:00,253.77,0
2026-03-23 01:00:00,209.78,0
2026-03-23 02:00:00,224.2,0
2026-03-23 03:00:00,212.72,0
2026-03-23 04:00:00,201.6,0
2026-03-23 05:00:00,212.85,0
2026-03-23 06:00:00,249.9,0
2026-03-23 07:00:00,228.22,0
2026-03-23 08:00:00,300.23,0
2026-03-23 09:00:00,308.16,0
2026-03-23 10:00:00,355.82,0
2026-03-23 11:00:00,346.05,0
2026-03-23 12:00:00,394.13,0
2026-03-23 13:00:00,382.5,0
2026-03-23 14:00:00,411.84,0
2026-03-23 15:00:00,440.64,0
2026-03-23 16:00:00,406.59,0
2026-03-23 17:00:00,400.11,0
2026-03-23 18:00:00,384.74,0
2026-03-23 19:00:00,328.54,0
2026-03-23 20:00:00,330.47,0
2026-03-23 21:00:00,306.94,0
2026-03-23 22:00:00,327.83,0
2026-03-23 23:00:00,265.56,0
2026-03-24 00:00:00,245.55,0
2026-03-24 01:00:00,189.91,0
2026-03-24 02:00:00,202.09,0
2026-03-24 03:00:00,233.01,0
2026-03-24 04:00:00,237.12,0
2026-03-24 05:00:00,200.95,0
2026-03-24 06:00:00,200.84,0
2026-03-24 07:00:00,239.67,0
2026-03-24 08:00:00,255.69,0
2026-03-24 09:00:00,284.2,0
2026-03-24 10:00:00,347.3,0
2026-03-24 11:00:00,358.06,0
2026-03-24 12:00:00,367.29,0
2026-03-24 13:00:00,426.13,0
2026-03-24 14:00:00,440.93,0
2026-03-24 15:00:00,383.28,0
2026-03-24 16:00:00,424.02,0
2026-03-24 17:00:00,397.35,0
2026-03-24 18:00:00,768.3061001515024,1
2026-03-24 19:00:00,341.44,0
2026-03-24 20:00:00,338.42,0
2026-03-24 21:00:00,303.61,0
2026-03-24 22:00:00,283.69,0
2026-03-24 23:00:00,287.66,0
2026-03-25 00:00:00,221.44,0
2026-03-25 01:00:00,192.61,0
2026-03-25 02:00:00,198.76,0
2026-03-25 03:00:00,209.76,0
2026-03-25 04:00:00,198.95,0
2026-03-25 05:00:00,226.66,0
2026-03-25 06:00:00,230.71,0
2026-03-25 07:00:00,253.6,0
2026-03-25 08:00:00,301.09,0
2026-03-25 09:00:00,286.9,0
2026-03-25 10:00:00,317.42,0
2026-03-25 11:00:00,342.8,0
2026-03-25 12:00:00,394.17,0
2026-03-25 13:00:00,395.36,0
2026-03-25 14:00:00,418.65,0
2026-03-25 15:00:00,417.02,0
2026-03-25 16:00:00,404.41,0
2026-03-25 17:00:00,401.51,0
2026-03-25 18:00:00,421.7,0
2026-03-25 19:00:00,352.74,0
2026-03-25 20:00:00,331.38,0
2026-03-25 21:00:00,319.53,0
2026-03-25 22:00:00,311.04,0
2026-03-25 23:00:00,244.32,0
2026-03-26 00:00:00,236.86,0
2026-03-26 01:00:00,216.06,0
2026-03-26 02:00:00,207.2,0
2026-03-26 03:00:00,176.25,0
2026-03-26 04:00:00,185.83,0
2026-03-26 05:00:00,228.35,0
2026-03-26 06:00:00,218.4,0
2026-03-26 07:00:00,244.11,0
2026-03-26 08:00:00,289.88,0
2026-03-26 09:00:00,297.71,0
2026-03-26 10:00:00,325.12,0
2026-03-26 11:00:00,315.24,0
2026-03-26 12:00:00,360.03,0
2026-03-26 13:00:00,383.69,0
2026-03-26 14:00:00,411.83,0
2026-03-26 15:00:00,418.25,0
2026-03-26 16:00:00,429.28,0
2026-03-26 17:00:00,410.84,0
2026-03-26 18:00:00,374.29,0
2026-03-26 19:00:00,347.53,0
2026-03-26 20:00:00,356.85,0
2026-03-26 21:00:00,337.05,0
2026-03-26 22:00:00,283.46,0
2026-03-26 23:00:00,254.31,0
2026-03-27 00:00:00,207.3,0
2026-03-27 01:00:00,187.38,0
2026-03-27 02:00:00,214.49,0
2026-03-27 03:00:00,204.87,0
2026-03-27 04:00:00,195.78,0
2026-03-27 05:00:00,222.85,0
2026-03-27 06:00:00,222.54,0
2026-03-27 07:00:00,237.88,0
2026-03-27 08:00:00,291.22,0
2026-03-27 09:00:00,313.64,0
2026-03-27 10:00:00,321.01,0
2026-03-27 11:00:00,365.99,0
2026-03-27 12:00:00,389.68,0
2026-03-27 13:00:00,428.75,0
2026-03-27 14:00:00,412.58,0
2026-03-27 15:00:00,398.93,0
2026-03-27 16:00:00,421.97,0
2026-03-27 17:00:00,396.34,0
2026-03-27 18:00:00,385.19,0
2026-03-27 19:00:00,362.41,0
2026-03-27 20:00:00,310.06,0
2026-03-27 21:00:00,316.47,0
2026-03-27 22:00:00,276.24,0
2026-03-27 23:00:00,253.68,0
2026-03-28 00:00:00,206.33,0
2026-03-28 01:00:00,198.58,0
2026-03-28 02:00:00,202.02,0
2026-03-28 03:00:00,178.58,0
2026-03-28 04:00:00,188.98,0
2026-03-28 05:00:00,195.09,0
2026-03-28 06:00:00,198.0,0
2026-03-28 07:00:00,202.96,0
2026-03-28 08:00:00,259.09,0
2026-03-28 09:00:00,272.32,0
2026-03-28 10:00:00,307.11,0
2026-03-28 11:00:00,314.37,0
2026-03-28 12:00:00,357.82,0
2026-03-28 13:00:00,405.21,0
2026-03-28 14:00:00,378.94,0
2026-03-28 15:00:00,403.0,0
2026-03-28 16:00:00,841.1185332334999,1
2026-03-28 17:00:00,368.43,0
2026-03-28 18:00:00,336.57,0
2026-03-28 19:00:00,367.5,0
2026-03-28 20:00:00,322.77,0
2026-03-28 21:00:00,302.95,0
2026-03-28 22:00:00,267.07,0
2026-03-28 23:00:00,255.21,0
2026-03-29 00:00:00,214.38,0
2026-03-29 01:00:00,218.74,0
2026-03-29 02:00:00,191.25,0
2026-03-29 03:00:00,190.83,0
2026-03-29 04:00:00,175.81,0
2026-03-29 05:00:00,200.02,0
2026-03-29 06:00:00,172.52,0
2026-03-29 07:00:00,216.92,0
2026-03-29 08:00:00,262.28,0
2026-03-29 09:00:00,282.88,0
2026-03-29 10:00:00,297.66,0
2026-03-29 11:00:00,316.33,0
2026-03-29 12:00:00,341.9,0
2026-03-29 13:00:00,377.58,0
2026-03-29 14:00:00,377.62,0
2026-03-29 15:00:00,404.78,0
2026-03-29 16:00:00,398.48,0
2026-03-29 17:00:00,348.32,0
2026-03-29 18:00:00,391.97,0
2026-03-29 19:00:00,337.99,0
2026-03-29 20:00:00,327.07,0
2026-03-29 21:00:00,291.18,0
2026-03-29 22:00:00,271.97,0
2026-03-29 23:00:00,231.97,0
2026-03-30 00:00:00,237.05,0
2026-03-30 01:00:00,217.89,0
2026-03-30 02:00:00,202.94,0
2026-03-30 03:00:00,196.98,0
2026-03-30 04:00:00,195.68,0
2026-03-30 05:00:00,191.81,0
2026-03-30 06:00:00,238.64,0
2026-03-30 07:00:00,248.88,0
2026-03-30 08:00:00,282.63,0
2026-03-30 09:00:00,299.16,0
2026-03-30 10:00:00,313.67,0
2026-03-30 11:00:00,337.07,0
2026-03-30 12:00:00,377.64,0
2026-03-30 13:00:00,377.54,0
2026-03-30 14:00:00,402.72,0
2026-03-30 15:00:00,391.52,0
2026-03-30 16:00:00,398.21,0
2026-03-30 17:00:00,405.09,0
2026-03-30 18:00:00,350.29,0
2026-03-30 19:00:00,381.04,0
2026-03-30 20:00:00,329.64,0
2026-03-30 21:00:00,296.35,0
2026-03-30 22:00:00,297.1,0
2026-03-30 23:00:00,255.74,0
2026-03-31 00:00:00,215.28,0
2026-03-31 01:00:00,181.25,0
2026-03-31 02:00:00,219.07,0
2026-03-31 03:00:00,216.12,0
2026-03-31 04:00:00,190.71,0
2026-03-31 05:00:00,226.51,0
2026-03-31 06:00:00,222.07,0
2026-03-31 07:00:00,262.04,0
2026-03-31 08:00:00,255.6,0
2026-03-31 09:00:00,270.79,0
2026-03-31 10:00:00,325.57,0
2026-03-31 11:00:00,348.94,0
2026-03-31 12:00:00,390.9,0
2026-03-31 13:00:00,405.47,0
2026-03-31 14:00:00,393.04,0
2026-03-31 15:00:00,398.86,0
2026-03-31 16:00:00,400.14,0
2026-03-31 17:00:00,384.16,0
2026-03-31 18:00:00,388.36,0
2026-03-31 19:00:00,361.82,0
2026-03-31 20:00:00,326.74,0
2026-03-31 21:00:00,298.92,0
2026-03-31 22:00:00,285.45,0
2026-03-31 23:00:00,257.62,0
