timestamp,temperature_c,wind_speed_ms,cloud_cover_pct
2026-01-01 00:00:00,-53.67,8.87,51.7
2026-01-01 01:00:00,-54.17,13.5,20.3
2026-01-01 02:00:00,-51.87,14.49,80.5
2026-01-01 03:00:00,-49.5,16.31,82.4
2026-01-01 04:00:00,-52.54,17.18,70.9
2026-01-01 05:00:00,-52.24,8.65,11.6
2026-01-01 06:00:00,-48.51,8.27,62.7
2026-01-01 07:00:00,-50.24,5.75,82.3
2026-01-01 08:00:00,-53.01,7.53,9.3
2026-01-01 09:00:00,-51.46,8.33,44.7
2026-01-01 10:00:00,-54.09,8.67,48.5
2026-01-01 11:00:00,-54.82,4.41,35.4
2026-01-01 12:00:00,-54.18,2.83,38.6
2026-01-01 13:00:00,-59.27,3.69,20.8
2026-01-01 14:00:00,-59.62,0.5,55.5
2026-01-01 15:00:00,-57.91,9.38,1.6
2026-01-01 16:00:00,-59.29,0.0,49.6
2026-01-01 17:00:00,-56.94,4.86,45.5
2026-01-01 18:00:00,-59.48,11.37,42.3
2026-01-01 19:00:00,-60.0,6.5,66.5
2026-01-01 20:00:00,-54.33,7.19,51.6
2026-01-01 21:00:00,-57.24,7.99,52.1
2026-01-01 22:00:00,-56.03,9.75,40.7
2026-01-01 23:00:00,-58.29,15.48,33.4
2026-01-02 00:00:00,-55.7,5.57,44.5
2026-01-02 01:00:00,-53.61,17.36,24.0
2026-01-02 02:00:00,-55.41,8.72,90.6
2026-01-02 03:00:00,-51.74,12.09,54.7
2026-01-02 04:00:00,-53.21,11.16,73.1
2026-01-02 05:00:00,-52.3,13.46,67.4
2026-01-02 06:00:00,-52.81,5.91,27.7
2026-01-02 07:00:00,-48.01,10.91,34.5
2026-01-02 08:00:00,-52.04,14.31,47.9
2026-01-02 09:00:00,-54.61,2.85,19.4
2026-01-02 10:00:00,-51.47,6.28,34.8
2026-01-02 11:00:00,-56.28,2.65,63.6
2026-01-02 12:00:00,-54.19,5.07,65.3
2026-01-02 13:00:00,-59.31,3.29,11.8
2026-01-02 14:00:00,-58.77,1.08,40.9
2026-01-02 15:00:00,-56.34,4.58,64.0
2026-01-02 16:00:00,-55.73,8.97,57.2
2026-01-02 17:00:00,-57.17,3.73,35.0
2026-01-02 18:00:00,-57.84,7.46,55.4
2026-01-02 19:00:00,-58.11,2.6,28.6
2026-01-02 20:00:00,-60.0,4.89,21.1
2026-01-02 21:00:00,-58.17,10.48,82.7
2026-01-02 22:00:00,-57.03,14.75,68.9
2026-01-02 23:00:00,-53.27,12.43,75.8
2026-01-03 00:00:00,-53.86,11.27,38.2
2026-01-03 01:00:00,-57.3,12.76,43.7
2026-01-03 02:00:00,-52.4,9.24,24.6
2026-01-03 03:00:00,-53.2,14.7,44.7
2026-01-03 04:00:00,-53.31,15.09,43.3
2026-01-03 05:00:00,-50.43,10.34,60.8
2026-01-03 06:00:00,-49.49,9.29,33.4
2026-01-03 07:00:00,-49.79,10.32,25.6
2026-01-03 08:00:00,-53.63,6.93,40.4
2026-01-03 09:00:00,-53.05,6.74,48.4
2026-01-03 10:00:00,-52.39,12.01,69.4
2026-01-03 11:00:00,-51.82,3.89,30.5
2026-01-03 12:00:00,-55.51,2.72,21.5
2026-01-03 13:00:00,-55.7,1.29,41.0
2026-01-03 14:00:00,-58.26,5.24,92.0
2026-01-03 15:00:00,-59.06,2.57,31.5
2026-01-03 16:00:00,-55.52,1.61,53.0
2026-01-03 17:00:00,-54.74,8.27,31.1
2026-01-03 18:00:00,-57.69,9.56,51.0
2026-01-03 19:00:00,-55.44,4.68,77.5
2026-01-03 20:00:00,-56.43,2.16,82.9
2026-01-03 21:00:00,-57.96,12.09,85.1
2026-01-03 22:00:00,-55.33,8.24,72.0
2026-01-03 23:00:00,-52.25,13.74,43.5
2026-01-04 00:00:00,-54.56,6.3,38.5
2026-01-04 01:00:00,-50.58,15.44,35.2
2026-01-04 02:00:00,-58.23,9.36,60.5
2026-01-04 03:00:00,-50.72,15.08,32.5
2026-01-04 04:00:00,-51.71,12.49,76.6
2026-01-04 05:00:00,-52.19,8.84,20.2
2026-01-04 06:00:00,-51.3,9.48,9.6
2026-01-04 07:00:00,-55.56,11.58,73.8
2026-01-04 08:00:00,-52.33,8.55,83.8
2026-01-04 09:00:00,-51.65,8.69,51.9
2026-01-04 10:00:00,-50.03,11.64,57.6
2026-01-04 11:00:00,-54.75,0.0,79.8
2026-01-04 12:00:00,-56.1,8.64,57.3
2026-01-04 13:00:00,-56.27,3.55,51.8
2026-01-04 14:00:00,-54.16,0.31,21.0
2026-01-04 15:00:00,-55.95,0.0,51.6
2026-01-04 16:00:00,-58.14,2.99,25.4
2026-01-04 17:00:00,-56.36,7.07,83.6
2026-01-04 18:00:00,-57.29,4.92,25.0
2026-01-04 19:00:00,-55.45,11.01,21.2
2026-01-04 20:00:00,-58.49,3.41,34.3
2026-01-04 21:00:00,-57.26,9.03,30.4
2026-01-04 22:00:00,-56.77,6.54,70.7
2026-01-04 23:00:00,-58.19,12.46,47.9
2026-01-05 00:00:00,-53.82,14.87,16.6
2026-01-05 01:00:00,-53.12,11.5,52.9
2026-01-05 02:00:00,-52.91,5.18,19.0
2026-01-05 03:00:00,-52.76,13.48,71.9
2026-01-05 04:00:00,-54.65,13.75,19.0
2026-01-05 05:00:00,-52.36,12.91,52.3
2026-01-05 06:00:00,-52.1,14.41,31.4
2026-01-05 07:00:00,-53.12,6.31,38.3
2026-01-05 08:00:00,-52.14,10.28,50.3
2026-01-05 09:00:00,-51.49,10.51,85.1
2026-01-05 10:00:00,-49.14,0.37,14.0
2026-01-05 11:00:00,-53.29,5.59,31.8
2026-01-05 12:00:00,-53.9,2.28,61.8
2026-01-05 13:00:00,-55.34,2.99,59.0
2026-01-05 14:00:00,-59.75,4.05,18.7
2026-01-05 15:00:00,-56.59,1.65,57.1
2026-01-05 16:00:00,-56.89,1.53,51.6
2026-01-05 17:00:00,-52.39,4.4,40.0
2026-01-05 18:00:00,-57.8,2.04,66.7
2026-01-05 19:00:00,-56.71,3.22,43.6
2026-01-05 20:00:00,-57.08,9.8,79.4
2026-01-05 21:00:00,-58.88,5.62,41.3
2026-01-05 22:00:00,-53.63,12.29,33.7
2026-01-05 23:00:00,-53.69,12.75,63.0
2026-01-06 00:00:00,-52.76,7.03,56.5
2026-01-06 01:00:00,-55.39,10.73,52.8
2026-01-06 02:00:00,-50.04,16.58,68.7
2026-01-06 03:00:00,-55.03,9.94,50.8
2026-01-06 04:00:00,-50.57,11.05,76.4
2026-01-06 05:00:00,-47.06,13.08,37.3
2026-01-06 06:00:00,-53.32,13.05,52.5
2026-01-06 07:00:00,-52.58,8.77,50.8
2026-01-06 08:00:00,-51.55,6.44,64.6
2026-01-06 09:00:00,-53.23,11.2,19.9
2026-01-06 10:00:00,-55.94,10.92,88.9
2026-01-06 11:00:00,-53.43,7.57,48.9
2026-01-06 12:00:00,-56.47,4.05,46.1
2026-01-06 13:00:00,-54.17,0.81,7.8
2026-01-06 14:00:00,-57.68,0.51,54.1
2026-01-06 15:00:00,-53.36,4.68,7.3
2026-01-06 16:00:00,-58.51,4.81,30.7
2026-01-06 17:00:00,-57.89,8.51,28.4
2026-01-06 18:00:00,-55.72,7.25,34.3
2026-01-06 19:00:00,-59.7,1.97,62.6
2026-01-06 20:00:00,-56.49,10.92,50.9
2026-01-06 21:00:00,-53.85,6.07,38.7
2026-01-06 22:00:00,-59.06,9.14,17.4
2026-01-06 23:00:00,-54.75,12.12,17.9
2026-01-07 00:00:00,-53.75,18.19,69.7
2026-01-07 01:00:00,-51.93,22.09,51.2
2026-01-07 02:00:00,-55.24,14.81,39.4
2026-01-07 03:00:00,-54.79,12.34,91.4
2026-01-07 04:00:00,-50.62,14.05,50.7
2026-01-07 05:00:00,-50.77,14.36,49.1
2026-01-07 06:00:00,-50.76,9.74,37.9
2026-01-07 07:00:00,-50.68,14.91,74.1
2026-01-07 08:00:00,-53.03,8.93,34.1
2026-01-07 09:00:00,-51.68,8.43,63.3
2026-01-07 10:00:00,-52.18,7.7,70.1
2026-01-07 11:00:00,-54.92,5.9,59.8
2026-01-07 12:00:00,-50.53,6.31,22.3
2026-01-07 13:00:00,-54.09,1.39,44.4
2026-01-07 14:00:00,-58.15,1.33,25.1
2026-01-07 15:00:00,-55.07,0.0,15.3
2026-01-07 16:00:00,-58.81,4.88,60.3
2026-01-07 17:00:00,-55.59,6.64,27.8
2026-01-07 18:00:00,-54.95,6.67,51.1
2026-01-07 19:00:00,-58.8,11.5,35.0
2026-01-07 20:00:00,-54.94,7.75,65.7
2026-01-07 21:00:00,-55.56,11.07,21.2
2026-01-07 22:00:00,-54.12,7.02,20.5
2026-01-07 23:00:00,-51.25,10.2,50.8
2026-01-08 00:00:00,-54.67,14.29,69.9
2026-01-08 01:00:00,-54.91,15.31,67.8
2026-01-08 02:00:00,-54.46,12.11,24.9
2026-01-08 03:00:00,-53.69,12.67,96.3
2026-01-08 04:00:00,-51.74,7.89,31.6
2026-01-08 05:00:00,-50.6,10.63,30.5
2026-01-08 06:00:00,-50.63,13.37,88.3
2026-01-08 07:00:00,-49.63,11.25,66.6
2026-01-08 08:00:00,-51.56,9.74,65.3
2026-01-08 09:00:00,-49.16,7.08,34.1
2026-01-08 10:00:00,-53.21,5.73,82.9
2026-01-08 11:00:00,-47.97,2.65,40.0
2026-01-08 12:00:00,-52.93,5.89,41.9
2026-01-08 13:00:00,-56.67,4.5,40.9
2026-01-08 14:00:00,-57.83,4.48,23.3
2026-01-08 15:00:00,-55.34,1.54,80.5
2026-01-08 16:00:00,-57.23,0.0,69.5
2026-01-08 17:00:00,-55.65,7.59,15.1
2026-01-08 18:00:00,-56.24,3.86,34.3
2026-01-08 19:00:00,-57.23,3.89,21.5
2026-01-08 20:00:00,-58.48,9.84,37.8
2026-01-08 21:00:00,-59.33,7.89,70.1
2026-01-08 22:00:00,-56.58,13.47,29.0
2026-01-08 23:00:00,-53.25,13.22,36.2
2026-01-09 00:00:00,-53.67,14.26,24.1
2026-01-09 01:00:00,-55.81,8.67,61.3
2026-01-09 02:00:00,-52.25,16.63,15.5
2026-01-09 03:00:00,-51.21,13.67,64.3
2026-01-09 04:00:00,-53.27,11.34,92.7
2026-01-09 05:00:00,-50.89,12.13,70.1
2026-01-09 06:00:00,-50.98,5.37,53.2
2026-01-09 07:00:00,-53.49,10.75,28.2
2026-01-09 08:00:00,-50.78,5.15,87.3
2026-01-09 09:00:00,-50.85,2.88,89.0
2026-01-09 10:00:00,-50.43,1.14,46.2
2026-01-09 11:00:00,-51.21,7.97,9.2
2026-01-09 12:00:00,-56.85,1.9,56.4
2026-01-09 13:00:00,-56.75,7.84,47.4
2026-01-09 14:00:00,-54.57,1.4,55.9
2026-01-09 15:00:00,-55.19,0.0,73.2
2026-01-09 16:00:00,-55.67,0.21,26.6
2026-01-09 17:00:00,-49.29,8.01,28.6
2026-01-09 18:00:00,-55.96,4.83,87.9
2026-01-09 19:00:00,-54.72,4.83,33.6
2026-01-09 20:00:00,-54.79,8.24,27.0
2026-01-09 21:00:00,-54.92,10.57,32.1
2026-01-09 22:00:00,-56.23,13.65,66.3
2026-01-09 23:00:00,-53.36,15.71,67.5
2026-01-10 00:00:00,-55.55,11.13,61.6
2026-01-10 01:00:00,-53.7,8.79,41.0
2026-01-10 02:00:00,-53.48,11.75,34.2
2026-01-10 03:00:00,-51.72,13.67,51.8
2026-01-10 04:00:00,-46.78,9.55,75.5
2026-01-10 05:00:00,-54.84,8.83,52.3
2026-01-10 06:00:00,-49.64,11.73,8.1
2026-01-10 07:00:00,-54.34,9.37,69.6
2026-01-10 08:00:00,-52.35,8.33,46.2
2026-01-10 09:00:00,-49.71,4.66,54.1
2026-01-10 10:00:00,-52.38,5.02,46.9
2026-01-10 11:00:00,-55.39,1.86,44.6
2026-01-10 12:00:00,-55.44,6.46,49.6
2026-01-10 13:00:00,-53.42,6.34,75.2
2026-01-10 14:00:00,-56.97,0.0,21.9
2026-01-10 15:00:00,-55.7,0.33,44.1
2026-01-10 16:00:00,-56.51,0.0,17.4
2026-01-10 17:00:00,-58.21,2.35,50.4
2026-01-10 18:00:00,-52.72,5.05,53.4
2026-01-10 19:00:00,-55.64,2.13,27.6
2026-01-10 20:00:00,-60.0,5.0,60.6
2026-01-10 21:00:00,-55.76,6.05,63.2
2026-01-10 22:00:00,-56.83,10.91,33.3
2026-01-10 23:00:00,-53.08,11.57,58.4
2026-01-11 00:00:00,-55.5,10.04,10.7
2026-01-11 01:00:00,-53.37,13.29,25.3
2026-01-11 02:00:00,-51.4,11.35,38.7
2026-01-11 03:00:00,-50.06,12.07,37.6
2026-01-11 04:00:00,-53.72,17.46,16.9
2026-01-11 05:00:00,-51.68,15.72,20.1
2026-01-11 06:00:00,-51.86,6.8,39.4
2026-01-11 07:00:00,-52.32,12.01,77.0
2026-01-11 08:00:00,-47.78,10.67,74.3
2026-01-11 09:00:00,-50.98,3.49,47.5
2026-01-11 10:00:00,-54.93,8.16,65.4
2026-01-11 11:00:00,-51.3,9.25,75.5
2026-01-11 12:00:00,-49.67,0.43,19.7
2026-01-11 13:00:00,-52.62,0.48,83.5
2026-01-11 14:00:00,-58.45,6.06,75.7
2026-01-11 15:00:00,-57.0,3.93,70.9
2026-01-11 16:00:00,-53.98,5.21,19.7
2026-01-11 17:00:00,-58.23,5.32,35.8
2026-01-11 18:00:00,-56.03,6.47,76.4
2026-01-11 19:00:00,-55.26,2.5,56.5
2026-01-11 20:00:00,-58.37,10.91,64.5
2026-01-11 21:00:00,-56.15,12.57,74.2
2026-01-11 22:00:00,-60.0,9.6,39.2
2026-01-11 23:00:00,-56.74,11.23,69.2
2026-01-12 00:00:00,-54.32,7.61,83.6
2026-01-12 01:00:00,-55.53,14.31,87.3
2026-01-12 02:00:00,-49.05,14.71,34.5
2026-01-12 03:00:00,-54.55,12.7,36.0
2026-01-12 04:00:00,-52.1,15.82,69.3
2026-01-12 05:00:00,-50.66,10.7,89.1
2026-01-12 06:00:00,-47.93,12.4,29.5
2026-01-12 07:00:00,-53.79,6.46,66.9
2026-01-12 08:00:00,-48.89,8.17,48.8
2026-01-12 09:00:00,-51.67,6.41,80.1
2026-01-12 10:00:00,-54.28,6.38,34.2
2026-01-12 11:00:00,-52.11,3.53,80.0
2026-01-12 12:00:00,-53.42,3.4,78.1
2026-01-12 13:00:00,-55.79,5.71,41.5
2026-01-12 14:00:00,-55.17,1.7,13.6
2026-01-12 15:00:00,-56.71,0.0,64.3
2026-01-12 16:00:00,-56.19,8.81,45.4
2026-01-12 17:00:00,-55.39,8.45,12.0
2026-01-12 18:00:00,-53.64,1.42,81.3
2026-01-12 19:00:00,-59.19,8.55,46.7
2026-01-12 20:00:00,-52.15,6.26,81.7
2026-01-12 21:00:00,-59.84,9.86,64.1
2026-01-12 22:00:00,-55.62,11.18,78.6
2026-01-12 23:00:00,-53.41,10.66,4.9
2026-01-13 00:00:00,-53.15,9.86,53.8
2026-01-13 01:00:00,-54.18,10.69,91.9
2026-01-13 02:00:00,-52.63,10.25,31.8
2026-01-13 03:00:00,-52.58,10.39,55.9
2026-01-13 04:00:00,-52.29,12.24,25.7
2026-01-13 05:00:00,-49.11,9.55,88.4
2026-01-13 06:00:00,-50.0,12.75,40.9
2026-01-13 07:00:00,-52.2,13.98,52.2
2026-01-13 08:00:00,-49.31,6.5,58.3
2026-01-13 09:00:00,-50.98,7.65,62.1
2026-01-13 10:00:00,-50.59,7.21,29.3
2026-01-13 11:00:00,-51.68,6.05,77.1
2026-01-13 12:00:00,-55.37,4.02,49.1
2026-01-13 13:00:00,-55.61,5.46,12.7
2026-01-13 14:00:00,-53.72,4.45,9.6
2026-01-13 15:00:00,-54.61,0.0,57.9
2026-01-13 16:00:00,-56.35,6.16,9.2
2026-01-13 17:00:00,-56.38,6.96,49.9
2026-01-13 18:00:00,-54.16,3.01,25.6
2026-01-13 19:00:00,-57.79,6.59,64.8
2026-01-13 20:00:00,-55.22,9.81,67.1
2026-01-13 21:00:00,-56.24,8.44,66.4
2026-01-13 22:00:00,-55.65,13.51,76.3
2026-01-13 23:00:00,-52.29,18.46,58.9
2026-01-14 00:00:00,-51.95,9.85,73.3
2026-01-14 01:00:00,-51.2,8.62,57.5
2026-01-14 02:00:00,-49.49,13.91,42.7
2026-01-14 03:00:00,-51.44,15.05,8.2
2026-01-14 04:00:00,-49.64,11.75,83.1
2026-01-14 05:00:00,-51.33,16.06,89.1
2026-01-14 06:00:00,-49.96,6.69,42.4
2026-01-14 07:00:00,-50.97,11.6,37.7
2026-01-14 08:00:00,-50.81,6.42,10.8
2026-01-14 09:00:00,-50.29,12.09,41.1
2026-01-14 10:00:00,-53.74,11.68,52.8
2026-01-14 11:00:00,-48.64,2.34,23.3
2026-01-14 12:00:00,-55.62,2.14,24.1
2026-01-14 13:00:00,-56.81,5.82,50.9
2026-01-14 14:00:00,-52.79,1.84,44.7
2026-01-14 15:00:00,-54.14,2.98,26.1
2026-01-14 16:00:00,-54.96,3.63,82.0
2026-01-14 17:00:00,-55.25,0.0,2.8
2026-01-14 18:00:00,-56.63,5.26,81.0
2026-01-14 19:00:00,-58.3,4.41,27.1
2026-01-14 20:00:00,-56.05,6.28,48.3
2026-01-14 21:00:00,-57.08,13.4,56.5
2026-01-14 22:00:00,-53.15,6.52,47.9
2026-01-14 23:00:00,-54.68,13.8,48.0
2026-01-15 00:00:00,-55.15,11.37,44.2
2026-01-15 01:00:00,-53.36,11.92,48.6
2026-01-15 02:00:00,-51.17,15.37,67.2
2026-01-15 03:00:00,-52.5,13.91,69.6
2026-01-15 04:00:00,-52.54,14.16,20.2
2026-01-15 05:00:00,-50.11,14.6,79.8
2026-01-15 06:00:00,-50.0,9.71,21.6
2026-01-15 07:00:00,-51.61,7.68,73.5
2026-01-15 08:00:00,-51.84,4.98,62.4
2026-01-15 09:00:00,-50.91,4.46,20.0
2026-01-15 10:00:00,-54.89,14.55,74.6
2026-01-15 11:00:00,-55.53,8.37,62.4
2026-01-15 12:00:00,-54.93,0.0,57.1
2026-01-15 13:00:00,-54.7,0.0,35.1
2026-01-15 14:00:00,-54.37,4.45,56.5
2026-01-15 15:00:00,-52.67,4.76,25.9
2026-01-15 16:00:00,-54.38,5.2,47.8
2026-01-15 17:00:00,-56.71,3.54,19.4
2026-01-15 18:00:00,-56.53,4.92,83.9
2026-01-15 19:00:00,-58.4,7.46,49.5
2026-01-15 20:00:00,-56.13,8.02,42.3
2026-01-15 21:00:00,-56.19,2.41,62.4
2026-01-15 22:00:00,-54.35,9.6,86.6
2026-01-15 23:00:00,-55.93,8.81,31.4
2026-01-16 00:00:00,-52.34,12.73,60.2
2026-01-16 01:00:00,-49.54,21.72,55.1
2026-01-16 02:00:00,-52.1,14.1,49.9
2026-01-16 03:00:00,-50.45,11.94,5.0
2026-01-16 04:00:00,-49.4,15.21,65.2
2026-01-16 05:00:00,-51.28,13.15,71.3
2026-01-16 06:00:00,-49.93,11.96,78.3
2026-01-16 07:00:00,-50.46,11.34,68.5
2026-01-16 08:00:00,-50.59,14.41,40.6
2026-01-16 09:00:00,-52.8,3.54,26.8
2026-01-16 10:00:00,-51.83,7.13,6.0
2026-01-16 11:00:00,-51.61,1.86,68.0
2026-01-16 12:00:00,-50.48,5.46,51.8
2026-01-16 13:00:00,-52.24,0.48,50.2
2026-01-16 14:00:00,-50.57,1.75,30.5
2026-01-16 15:00:00,-57.04,2.23,12.6
2026-01-16 16:00:00,-54.23,6.48,90.8
2026-01-16 17:00:00,-55.91,7.06,80.7
2026-01-16 18:00:00,-52.0,1.56,81.9
2026-01-16 19:00:00,-57.89,6.64,85.1
2026-01-16 20:00:00,-57.66,5.64,54.9
2026-01-16 21:00:00,-56.7,5.29,43.2
2026-01-16 22:00:00,-59.13,9.64,40.6
2026-01-16 23:00:00,-55.21,10.44,35.0
2026-01-17 00:00:00,-54.78,19.49,36.4
2026-01-17 01:00:00,-52.18,14.06,59.8
2026-01-17 02:00:00,-51.08,8.86,23.5
2026-01-17 03:00:00,-47.39,11.19,53.9
2026-01-17 04:00:00,-48.76,15.51,17.7
2026-01-17 05:00:00,-51.52,17.96,49.1
2026-01-17 06:00:00,-52.06,5.94,53.7
2026-01-17 07:00:00,-49.38,3.88,81.3
2026-01-17 08:00:00,-53.3,13.85,22.6
2026-01-17 09:00:00,-47.48,8.1,32.2
2026-01-17 10:00:00,-49.4,3.1,36.1
2026-01-17 11:00:00,-53.42,6.24,66.4
2026-01-17 12:00:00,-56.69,0.0,23.9
2026-01-17 13:00:00,-51.33,3.25,38.6
2026-01-17 14:00:00,-54.99,3.99,75.3
2026-01-17 15:00:00,-52.91,5.89,68.7
2026-01-17 16:00:00,-59.05,0.52,26.3
2026-01-17 17:00:00,-57.36,4.56,41.3
2026-01-17 18:00:00,-56.25,2.52,58.4
2026-01-17 19:00:00,-56.06,7.25,85.6
2026-01-17 20:00:00,-56.76,5.08,77.3
2026-01-17 21:00:00,-54.14,7.84,65.0
2026-01-17 22:00:00,-56.9,7.31,36.2
2026-01-17 23:00:00,-54.32,13.32,27.6
2026-01-18 00:00:00,-52.9,14.78,21.4
2026-01-18 01:00:00,-51.33,12.06,19.7
2026-01-18 02:00:00,-50.22,13.11,38.8
2026-01-18 03:00:00,-53.27,8.54,31.6
2026-01-18 04:00:00,-53.61,11.54,27.2
2026-01-18 05:00:00,-47.69,11.55,18.5
2026-01-18 06:00:00,-49.47,18.56,28.2
2026-01-18 07:00:00,-51.74,6.18,98.1
2026-01-18 08:00:00,-47.44,12.63,66.8
2026-01-18 09:00:00,-50.79,9.93,13.9
2026-01-18 10:00:00,-49.28,6.55,76.8
2026-01-18 11:00:00,-52.23,9.91,31.4
2026-01-18 12:00:00,-49.02,4.91,17.0
2026-01-18 13:00:00,-50.4,4.4,4.8
2026-01-18 14:00:00,-55.14,2.85,79.8
2026-01-18 15:00:00,-53.32,6.79,72.5
2026-01-18 16:00:00,-54.45,6.85,41.5
2026-01-18 17:00:00,-53.3,2.42,78.8
2026-01-18 18:00:00,-58.07,1.34,10.6
2026-01-18 19:00:00,-54.66,5.87,50.2
2026-01-18 20:00:00,-53.62,5.36,50.8
2026-01-18 21:00:00,-58.78,8.87,51.0
2026-01-18 22:00:00,-57.0,14.01,33.3
2026-01-18 23:00:00,-57.99,9.99,84.9
2026-01-19 00:00:00,-53.55,12.08,27.9
2026-01-19 01:00:00,-50.8,12.94,87.2
2026-01-19 02:00:00,-48.51,15.54,79.6
2026-01-19 03:00:00,-50.74,6.14,53.8
2026-01-19 04:00:00,-47.16,10.62,9.1
2026-01-19 05:00:00,-52.87,12.33,32.8
2026-01-19 06:00:00,-53.42,14.3,30.0
2026-01-19 07:00:00,-50.23,8.04,37.6
2026-01-19 08:00:00,-49.65,2.61,53.0
2026-01-19 09:00:00,-50.96,8.79,22.3
2026-01-19 10:00:00,-55.65,3.8,18.8
2026-01-19 11:00:00,-52.41,1.07,39.7
2026-01-19 12:00:00,-55.62,1.92,33.8
2026-01-19 13:00:00,-52.45,2.68,55.4
2026-01-19 14:00:00,-53.78,1.19,2.8
2026-01-19 15:00:00,-57.01,0.0,42.0
2026-01-19 16:00:00,-56.64,6.25,63.3
2026-01-19 17:00:00,-58.03,8.13,26.5
2026-01-19 18:00:00,-56.14,7.25,66.5
2026-01-19 19:00:00,-54.0,3.07,65.3
2026-01-19 20:00:00,-57.58,7.16,66.1
2026-01-19 21:00:00,-54.13,9.05,75.8
2026-01-19 22:00:00,-55.57,12.09,59.7
2026-01-19 23:00:00,-55.37,13.37,46.1
2026-01-20 00:00:00,-53.1,10.0,27.2
2026-01-20 01:00:00,-54.18,13.01,2.9
2026-01-20 02:00:00,-52.49,14.37,79.3
2026-01-20 03:00:00,-53.16,17.25,45.2
2026-01-20 04:00:00,-46.35,14.56,72.7
2026-01-20 05:00:00,-49.91,14.07,41.1
2026-01-20 06:00:00,-51.28,10.95,75.4
2026-01-20 07:00:00,-49.56,13.75,40.0
2026-01-20 08:00:00,-50.51,9.47,47.1
2026-01-20 09:00:00,-51.2,4.35,41.0
2026-01-20 10:00:00,-50.15,9.92,45.3
2026-01-20 11:00:00,-50.59,6.73,29.3
2026-01-20 12:00:00,-53.94,2.46,35.6
2026-01-20 13:00:00,-54.81,1.8,49.0
2026-01-20 14:00:00,-54.93,3.9,63.4
2026-01-20 15:00:00,-59.61,4.5,90.1
2026-01-20 16:00:00,-58.51,4.15,29.8
2026-01-20 17:00:00,-53.05,5.24,20.0
2026-01-20 18:00:00,-52.59,10.4,9.1
2026-01-20 19:00:00,-56.28,9.69,31.5
2026-01-20 20:00:00,-54.33,8.34,42.8
2026-01-20 21:00:00,-54.38,11.89,52.2
2026-01-20 22:00:00,-48.22,7.2,61.0
2026-01-20 23:00:00,-51.42,12.56,35.9
2026-01-21 00:00:00,-53.0,17.64,59.7
2026-01-21 01:00:00,-53.88,12.11,59.3
2026-01-21 02:00:00,-54.46,10.45,30.5
2026-01-21 03:00:00,-50.22,10.93,30.4
2026-01-21 04:00:00,-51.66,9.17,7.1
2026-01-21 05:00:00,-52.69,9.34,64.7
2026-01-21 06:00:00,-51.04,9.59,47.0
2026-01-21 07:00:00,-52.01,5.3,57.8
2026-01-21 08:00:00,-46.77,8.28,38.5
2026-01-21 09:00:00,-48.86,9.64,52.4
2026-01-21 10:00:00,-51.26,2.98,57.1
2026-01-21 11:00:00,-49.01,9.19,47.3
2026-01-21 12:00:00,-52.59,5.33,47.0
2026-01-21 13:00:00,-55.25,6.33,72.4
2026-01-21 14:00:00,-51.2,1.03,58.4
2026-01-21 15:00:00,-53.79,5.68,27.4
2026-01-21 16:00:00,-57.42,0.28,20.7
2026-01-21 17:00:00,-56.03,6.97,34.5
2026-01-21 18:00:00,-57.5,5.81,29.2
2026-01-21 19:00:00,-58.41,8.14,50.9
2026-01-21 20:00:00,-53.49,4.24,6.9
2026-01-21 21:00:00,-51.05,6.38,32.8
2026-01-21 22:00:00,-57.04,12.08,48.1
2026-01-21 23:00:00,-52.4,8.52,49.4
2026-01-22 00:00:00,-53.91,13.6,60.8
2026-01-22 01:00:00,-52.81,8.66,18.3
2026-01-22 02:00:00,-52.29,15.54,47.3
2026-01-22 03:00:00,-52.22,9.19,21.8
2026-01-22 04:00:00,-49.91,14.1,61.2
2026-01-22 05:00:00,-51.37,13.58,28.5
2026-01-22 06:00:00,-49.07,8.61,39.7
2026-01-22 07:00:00,-49.81,11.27,40.4
2026-01-22 08:00:00,-50.49,9.02,65.3
2026-01-22 09:00:00,-52.3,5.32,24.5
2026-01-22 10:00:00,-52.26,2.68,14.3
2026-01-22 11:00:00,-50.32,0.0,45.0
2026-01-22 12:00:00,-51.61,4.84,34.8
2026-01-22 13:00:00,-55.34,0.0,52.9
2026-01-22 14:00:00,-53.91,3.29,93.3
2026-01-22 15:00:00,-53.23,2.32,53.1
2026-01-22 16:00:00,-58.55,5.59,54.2
2026-01-22 17:00:00,-54.42,3.4,8.4
2026-01-22 18:00:00,-56.93,4.31,81.9
2026-01-22 19:00:00,-54.37,8.68,35.9
2026-01-22 20:00:00,-56.73,8.77,62.0
2026-01-22 21:00:00,-58.34,10.01,22.4
2026-01-22 22:00:00,-57.36,11.7,12.8
2026-01-22 23:00:00,-53.29,6.76,40.0
2026-01-23 00:00:00,-51.95,14.48,30.0
2026-01-23 01:00:00,-53.5,14.6,32.0
2026-01-23 02:00:00,-49.69,9.94,47.0
2026-01-23 03:00:00,-53.67,12.15,78.9
2026-01-23 04:00:00,-50.0,12.33,35.0
2026-01-23 05:00:00,-51.99,11.29,76.0
2026-01-23 06:00:00,-50.77,11.7,89.0
2026-01-23 07:00:00,-49.47,13.81,29.6
2026-01-23 08:00:00,-51.59,11.48,33.3
2026-01-23 09:00:00,-51.12,3.0,40.6
2026-01-23 10:00:00,-48.95,7.57,46.4
2026-01-23 11:00:00,-52.84,8.62,67.6
2026-01-23 12:00:00,-50.8,4.95,36.3
2026-01-23 13:00:00,-55.5,6.51,65.8
2026-01-23 14:00:00,-52.91,9.04,70.2
2026-01-23 15:00:00,-51.71,6.19,36.2
2026-01-23 16:00:00,-60.0,4.3,72.7
2026-01-23 17:00:00,-56.96,7.44,35.5
2026-01-23 18:00:00,-54.31,5.73,83.7
2026-01-23 19:00:00,-55.77,6.55,66.6
2026-01-23 20:00:00,-54.32,6.71,88.8
2026-01-23 21:00:00,-55.8,13.76,68.3
2026-01-23 22:00:00,-53.79,7.84,23.9
2026-01-23 23:00:00,-53.56,15.96,94.6
2026-01-24 00:00:00,-49.99,13.71,67.5
2026-01-24 01:00:00,-51.04,8.57,76.5
2026-01-24 02:00:00,-50.15,14.1,27.4
2026-01-24 03:00:00,-51.02,6.59,21.9
2026-01-24 04:00:00,-50.7,14.32,59.9
2026-01-24 05:00:00,-50.29,14.35,9.3
2026-01-24 06:00:00,-48.53,8.92,61.1
2026-01-24 07:00:00,-50.27,9.89,32.6
2026-01-24 08:00:00,-49.14,14.1,61.2
2026-01-24 09:00:00,-46.05,5.42,50.6
2026-01-24 10:00:00,-49.08,2.53,55.6
2026-01-24 11:00:00,-52.2,9.08,31.6
2026-01-24 12:00:00,-49.92,9.68,79.7
2026-01-24 13:00:00,-53.91,3.25,87.7
2026-01-24 14:00:00,-57.9,6.04,26.1
2026-01-24 15:00:00,-56.46,7.14,66.5
2026-01-24 16:00:00,-58.66,1.33,7.6
2026-01-24 17:00:00,-55.92,2.85,49.7
2026-01-24 18:00:00,-55.29,8.99,52.9
2026-01-24 19:00:00,-51.87,11.53,22.7
2026-01-24 20:00:00,-54.27,9.45,41.9
2026-01-24 21:00:00,-54.88,6.43,79.5
2026-01-24 22:00:00,-52.16,16.25,83.0
2026-01-24 23:00:00,-57.52,9.77,34.2
2026-01-25 00:00:00,-51.7,11.2,18.9
2026-01-25 01:00:00,-49.85,13.79,39.9
2026-01-25 02:00:00,-53.63,17.66,60.6
2026-01-25 03:00:00,-47.76,15.45,47.7
2026-01-25 04:00:00,-48.9,13.69,41.4
2026-01-25 05:00:00,-50.11,13.09,28.1
2026-01-25 06:00:00,-47.91,10.83,25.9
2026-01-25 07:00:00,-44.73,11.19,63.8
2026-01-25 08:00:00,-49.21,0.65,37.1
2026-01-25 09:00:00,-49.56,6.05,53.7
2026-01-25 10:00:00,-51.59,6.43,3.0
2026-01-25 11:00:00,-53.1,1.18,34.7
2026-01-25 12:00:00,-50.51,4.95,84.7
2026-01-25 13:00:00,-54.66,2.62,78.4
2026-01-25 14:00:00,-53.53,8.27,34.8
2026-01-25 15:00:00,-55.25,7.83,38.3
2026-01-25 16:00:00,-53.81,2.16,14.4
2026-01-25 17:00:00,-54.4,3.85,70.7
2026-01-25 18:00:00,-53.1,5.08,15.6
2026-01-25 19:00:00,-56.09,5.12,41.5
2026-01-25 20:00:00,-55.31,8.35,57.0
2026-01-25 21:00:00,-56.25,6.79,8.6
2026-01-25 22:00:00,-54.56,6.9,39.8
2026-01-25 23:00:00,-52.19,13.23,93.8
2026-01-26 00:00:00,-50.51,14.1,27.0
2026-01-26 01:00:00,-53.09,10.35,35.8
2026-01-26 02:00:00,-48.78,15.68,54.7
2026-01-26 03:00:00,-47.19,10.99,47.2
2026-01-26 04:00:00,-48.6,13.2,87.5
2026-01-26 05:00:00,-45.37,14.16,71.8
2026-01-26 06:00:00,-50.57,10.6,62.0
2026-01-26 07:00:00,-51.61,10.88,11.1
2026-01-26 08:00:00,-52.98,6.69,39.9
2026-01-26 09:00:00,-46.91,6.35,72.7
2026-01-26 10:00:00,-49.21,5.09,44.4
2026-01-26 11:00:00,-51.36,2.4,29.6
2026-01-26 12:00:00,-51.46,3.26,44.0
2026-01-26 13:00:00,-55.05,0.0,52.0
2026-01-26 14:00:00,-48.63,1.53,23.9
2026-01-26 15:00:00,-53.88,2.26,62.0
2026-01-26 16:00:00,-54.4,2.79,15.9
2026-01-26 17:00:00,-53.47,3.58,29.7
2026-01-26 18:00:00,-54.06,5.11,31.1
2026-01-26 19:00:00,-54.47,7.92,75.5
2026-01-26 20:00:00,-56.2,10.39,30.1
2026-01-26 21:00:00,-53.2,7.12,24.2
2026-01-26 22:00:00,-49.76,6.68,37.3
2026-01-26 23:00:00,-50.11,8.24,33.2
2026-01-27 00:00:00,-48.68,10.75,84.7
2026-01-27 01:00:00,-52.11,11.71,34.0
2026-01-27 02:00:00,-52.34,10.68,88.7
2026-01-27 03:00:00,-49.99,9.0,39.8
2026-01-27 04:00:00,-49.15,11.07,72.2
2026-01-27 05:00:00,-46.78,12.24,27.4
2026-01-27 06:00:00,-52.25,12.49,81.6
2026-01-27 07:00:00,-45.91,7.85,52.3
2026-01-27 08:00:00,-49.58,7.0,22.1
2026-01-27 09:00:00,-50.6,4.16,84.4
2026-01-27 10:00:00,-52.39,5.61,30.0
2026-01-27 11:00:00,-54.4,2.09,45.5
2026-01-27 12:00:00,-50.22,5.51,63.3
2026-01-27 13:00:00,-52.49,0.0,22.9
2026-01-27 14:00:00,-55.94,1.93,4.7
2026-01-27 15:00:00,-56.58,4.02,84.6
2026-01-27 16:00:00,-55.13,4.11,33.6
2026-01-27 17:00:00,-51.42,12.38,13.1
2026-01-27 18:00:00,-55.38,6.35,58.3
2026-01-27 19:00:00,-57.77,3.47,41.7
2026-01-27 20:00:00,-54.95,7.48,42.7
2026-01-27 21:00:00,-54.53,3.74,45.6
2026-01-27 22:00:00,-58.76,10.05,77.4
2026-01-27 23:00:00,-52.75,8.87,61.6
2026-01-28 00:00:00,-52.17,14.95,16.7
2026-01-28 01:00:00,-49.54,11.11,10.0
2026-01-28 02:00:00,-46.51,12.64,75.3
2026-01-28 03:00:00,-47.33,10.98,98.5
2026-01-28 04:00:00,-49.64,17.66,55.0
2026-01-28 05:00:00,-51.02,10.73,44.6
2026-01-28 06:00:00,-43.56,16.2,54.4
2026-01-28 07:00:00,-48.69,11.96,52.5
2026-01-28 08:00:00,-49.08,9.68,47.6
2026-01-28 09:00:00,-49.63,8.04,63.4
2026-01-28 10:00:00,-49.81,6.89,47.6
2026-01-28 11:00:00,-51.22,0.0,22.8
2026-01-28 12:00:00,-52.85,2.96,72.0
2026-01-28 13:00:00,-53.57,5.77,37.0
2026-01-28 14:00:00,-53.27,2.86,48.0
2026-01-28 15:00:00,-54.91,0.0,71.5
2026-01-28 16:00:00,-55.73,3.4,70.5
2026-01-28 17:00:00,-54.39,9.41,76.8
2026-01-28 18:00:00,-55.21,9.04,67.5
2026-01-28 19:00:00,-51.59,6.29,68.6
2026-01-28 20:00:00,-59.6,10.62,41.8
2026-01-28 21:00:00,-51.64,7.97,22.8
2026-01-28 22:00:00,-50.71,5.18,11.1
2026-01-28 23:00:00,-56.63,8.59,66.6
2026-01-29 00:00:00,-52.23,16.9,58.0
2026-01-29 01:00:00,-51.51,11.94,19.4
2026-01-29 02:00:00,-52.86,12.26,48.0
2026-01-29 03:00:00,-50.98,11.99,22.7
2026-01-29 04:00:00,-51.16,18.16,78.3
2026-01-29 05:00:00,-45.14,16.58,3.3
2026-01-29 06:00:00,-46.67,17.36,38.8
2026-01-29 07:00:00,-46.1,9.04,90.3
2026-01-29 08:00:00,-47.5,9.12,31.9
2026-01-29 09:00:00,-51.68,2.39,88.3
2026-01-29 10:00:00,-51.09,10.14,15.6
2026-01-29 11:00:00,-49.79,1.13,36.1
2026-01-29 12:00:00,-53.99,4.44,38.2
2026-01-29 13:00:00,-50.89,0.0,65.8
2026-01-29 14:00:00,-53.52,1.24,46.7
2026-01-29 15:00:00,-54.41,0.6,18.0
2026-01-29 16:00:00,-52.72,1.73,86.6
2026-01-29 17:00:00,-53.55,2.68,48.9
2026-01-29 18:00:00,-55.26,3.65,55.1
2026-01-29 19:00:00,-52.12,8.98,37.7
2026-01-29 20:00:00,-56.3,4.45,44.2
2026-01-29 21:00:00,-52.43,9.73,6.4
2026-01-29 22:00:00,-51.86,13.95,65.3
2026-01-29 23:00:00,-52.94,9.83,72.3
2026-01-30 00:00:00,-50.72,10.05,41.7
2026-01-30 01:00:00,-53.1,12.07,28.3
2026-01-30 02:00:00,-48.03,16.53,35.4
2026-01-30 03:00:00,-49.62,13.47,20.0
2026-01-30 04:00:00,-49.82,10.85,25.6
2026-01-30 05:00:00,-46.38,13.15,53.4
2026-01-30 06:00:00,-49.78,7.39,33.9
2026-01-30 07:00:00,-51.29,11.56,83.3
2026-01-30 08:00:00,-51.89,9.46,35.7
2026-01-30 09:00:00,-48.04,6.01,36.5
2026-01-30 10:00:00,-52.44,3.19,26.9
2026-01-30 11:00:00,-47.09,1.98,85.3
2026-01-30 12:00:00,-55.54,5.4,36.6
2026-01-30 13:00:00,-48.76,6.92,38.3
2026-01-30 14:00:00,-52.45,1.09,7.0
2026-01-30 15:00:00,-53.69,4.49,22.3
2026-01-30 16:00:00,-55.06,0.0,18.4
2026-01-30 17:00:00,-53.47,2.55,60.2
2026-01-30 18:00:00,-54.45,5.21,64.9
2026-01-30 19:00:00,-52.07,3.75,37.4
2026-01-30 20:00:00,-53.74,4.95,50.8
2026-01-30 21:00:00,-53.2,7.06,20.2
2026-01-30 22:00:00,-53.6,11.17,87.5
2026-01-30 23:00:00,-52.26,10.8,75.8
2026-01-31 00:00:00,-50.59,5.49,71.7
2026-01-31 01:00:00,-53.85,6.4,74.1
2026-01-31 02:00:00,-52.4,11.17,21.9
2026-01-31 03:00:00,-47.6,14.26,56.5
2026-01-31 04:00:00,-48.26,4.2,70.6
2026-01-31 05:00:00,-48.67,10.2,55.1
2026-01-31 06:00:00,-48.17,9.12,7.2
2026-01-31 07:00:00,-47.61,13.69,31.0
2026-01-31 08:00:00,-49.69,7.08,29.8
2026-01-31 09:00:00,-50.64,8.08,25.4
2026-01-31 10:00:00,-49.31,6.13,33.5
2026-01-31 11:00:00,-52.38,0.0,50.7
2026-01-31 12:00:00,-50.39,6.1,60.7
2026-01-31 13:00:00,-55.39,3.88,82.4
2026-01-31 14:00:00,-50.65,4.53,22.4
2026-01-31 15:00:00,-52.38,14.89,63.4
2026-01-31 16:00:00,-53.29,0.0,41.9
2026-01-31 17:00:00,-52.14,9.48,13.2
2026-01-31 18:00:00,-50.87,4.44,68.5
2026-01-31 19:00:00,-52.07,7.34,70.5
2026-01-31 20:00:00,-57.48,7.63,76.8
2026-01-31 21:00:00,-55.89,7.79,44.1
2026-01-31 22:00:00,-53.95,8.58,43.5
2026-01-31 23:00:00,-51.93,12.35,66.7
2026-02-01 00:00:00,-50.0,7.66,53.6
2026-02-01 01:00:00,-51.71,15.01,54.8
2026-02-01 02:00:00,-49.16,11.75,36.6
2026-02-01 03:00:00,-50.42,9.5,69.4
2026-02-01 04:00:00,-49.66,11.09,38.0
2026-02-01 05:00:00,-50.95,15.47,78.0
2026-02-01 06:00:00,-49.88,9.1,29.7
2026-02-01 07:00:00,-50.84,10.6,55.4
2026-02-01 08:00:00,-50.38,6.04,32.4
2026-02-01 09:00:00,-46.8,9.21,70.7
2026-02-01 10:00:00,-51.43,7.76,86.2
2026-02-01 11:00:00,-44.99,10.18,52.1
2026-02-01 12:00:00,-50.04,3.27,59.3
2026-02-01 13:00:00,-51.44,5.24,86.7
2026-02-01 14:00:00,-54.25,3.3,67.6
2026-02-01 15:00:00,-51.75,7.0,33.2
2026-02-01 16:00:00,-54.78,1.4,46.3
2026-02-01 17:00:00,-53.69,6.54,83.8
2026-02-01 18:00:00,-48.91,4.71,42.0
2026-02-01 19:00:00,-54.12,6.29,62.9
2026-02-01 20:00:00,-51.33,8.04,47.0
2026-02-01 21:00:00,-54.56,9.82,51.6
2026-02-01 22:00:00,-52.6,9.94,88.3
2026-02-01 23:00:00,-48.27,12.01,31.3
2026-02-02 00:00:00,-52.11,16.94,53.1
2026-02-02 01:00:00,-46.45,15.72,45.5
2026-02-02 02:00:00,-47.94,15.6,86.3
2026-02-02 03:00:00,-49.86,11.52,44.0
2026-02-02 04:00:00,-46.99,9.78,84.8
2026-02-02 05:00:00,-46.01,14.56,80.5
2026-02-02 06:00:00,-46.61,13.33,22.7
2026-02-02 07:00:00,-51.1,13.94,41.1
2026-02-02 08:00:00,-49.71,6.42,39.4
2026-02-02 09:00:00,-49.23,6.25,52.2
2026-02-02 10:00:00,-49.5,0.79,33.3
2026-02-02 11:00:00,-48.84,3.46,20.8
2026-02-02 12:00:00,-50.5,6.78,85.0
2026-02-02 13:00:00,-54.3,1.84,47.1
2026-02-02 14:00:00,-51.59,4.93,82.4
2026-02-02 15:00:00,-51.75,2.54,22.4
2026-02-02 16:00:00,-52.33,4.53,81.2
2026-02-02 17:00:00,-51.59,0.86,56.2
2026-02-02 18:00:00,-52.19,5.55,36.7
2026-02-02 19:00:00,-52.83,0.0,67.1
2026-02-02 20:00:00,-53.59,7.2,36.2
2026-02-02 21:00:00,-56.3,4.17,84.0
2026-02-02 22:00:00,-51.5,13.91,62.9
2026-02-02 23:00:00,-51.22,13.7,38.8
2026-02-03 00:00:00,-50.13,13.61,45.9
2026-02-03 01:00:00,-52.45,17.33,58.8
2026-02-03 02:00:00,-51.34,10.15,45.3
2026-02-03 03:00:00,-46.45,18.13,86.3
2026-02-03 04:00:00,-48.16,15.24,78.8
2026-02-03 05:00:00,-46.41,10.99,88.1
2026-02-03 06:00:00,-47.62,14.11,54.1
2026-02-03 07:00:00,-47.72,6.2,56.4
2026-02-03 08:00:00,-46.2,5.76,6.6
2026-02-03 09:00:00,-49.59,5.11,24.1
2026-02-03 10:00:00,-48.98,4.12,57.2
2026-02-03 11:00:00,-50.82,1.47,67.3
2026-02-03 12:00:00,-51.54,7.46,43.0
2026-02-03 13:00:00,-52.07,2.46,59.4
2026-02-03 14:00:00,-51.73,4.06,38.9
2026-02-03 15:00:00,-53.75,1.4,44.1
2026-02-03 16:00:00,-50.76,0.0,24.2
2026-02-03 17:00:00,-55.36,5.11,83.8
2026-02-03 18:00:00,-54.05,0.0,55.7
2026-02-03 19:00:00,-54.45,6.27,53.1
2026-02-03 20:00:00,-50.38,3.66,23.7
2026-02-03 21:00:00,-52.4,15.03,48.0
2026-02-03 22:00:00,-50.11,13.03,20.5
2026-02-03 23:00:00,-54.42,11.68,68.4
2026-02-04 00:00:00,-49.96,16.0,65.0
2026-02-04 01:00:00,-47.94,10.22,42.0
2026-02-04 02:00:00,-48.83,14.62,31.7
2026-02-04 03:00:00,-46.24,13.48,99.4
2026-02-04 04:00:00,-48.93,13.24,34.6
2026-02-04 05:00:00,-44.78,15.52,56.7
2026-02-04 06:00:00,-42.89,12.9,75.8
2026-02-04 07:00:00,-48.32,10.39,38.9
2026-02-04 08:00:00,-48.78,3.27,86.9
2026-02-04 09:00:00,-45.46,4.06,26.2
2026-02-04 10:00:00,-45.83,5.34,21.9
2026-02-04 11:00:00,-50.76,4.92,59.4
2026-02-04 12:00:00,-51.33,0.4,39.2
2026-02-04 13:00:00,-51.83,10.47,86.1
2026-02-04 14:00:00,-54.68,7.55,21.2
2026-02-04 15:00:00,-54.45,4.92,48.9
2026-02-04 16:00:00,-55.1,3.77,85.3
2026-02-04 17:00:00,-54.93,3.66,30.8
2026-02-04 18:00:00,-53.56,2.44,63.3
2026-02-04 19:00:00,-52.92,6.71,15.1
2026-02-04 20:00:00,-49.99,8.54,22.9
2026-02-04 21:00:00,-54.61,5.34,60.2
2026-02-04 22:00:00,-50.02,11.3,24.4
2026-02-04 23:00:00,-51.7,10.9,54.3
2026-02-05 00:00:00,-50.4,6.48,31.2
2026-02-05 01:00:00,-48.18,10.18,84.8
2026-02-05 02:00:00,-51.05,11.75,47.5
2026-02-05 03:00:00,-47.42,18.55,53.0
2026-02-05 04:00:00,-47.37,14.11,60.8
2026-02-05 05:00:00,-46.42,7.69,38.0
2026-02-05 06:00:00,-46.73,12.16,69.0
2026-02-05 07:00:00,-42.5,4.88,87.7
2026-02-05 08:00:00,-48.98,11.48,34.9
2026-02-05 09:00:00,-49.25,5.52,51.5
2026-02-05 10:00:00,-50.05,5.43,30.9
2026-02-05 11:00:00,-50.64,8.61,5.8
2026-02-05 12:00:00,-51.58,0.0,38.3
2026-02-05 13:00:00,-48.7,0.0,79.5
2026-02-05 14:00:00,-48.96,1.25,54.6
2026-02-05 15:00:00,-53.57,6.23,14.8
2026-02-05 16:00:00,-54.57,0.0,69.3
2026-02-05 17:00:00,-52.26,0.0,80.3
2026-02-05 18:00:00,-54.41,3.95,35.6
2026-02-05 19:00:00,-51.94,8.13,12.6
2026-02-05 20:00:00,-52.5,11.36,38.1
2026-02-05 21:00:00,-55.46,7.68,72.1
2026-02-05 22:00:00,-48.71,9.06,32.6
2026-02-05 23:00:00,-47.49,14.83,49.8
2026-02-06 00:00:00,-51.34,6.6,68.2
2026-02-06 01:00:00,-50.12,11.6,49.2
2026-02-06 02:00:00,-48.04,13.57,50.9
2026-02-06 03:00:00,-47.33,14.23,71.2
2026-02-06 04:00:00,-46.2,10.91,23.5
2026-02-06 05:00:00,-43.2,11.8,6.0
2026-02-06 06:00:00,-47.47,3.24,40.1
2026-02-06 07:00:00,-48.82,7.55,44.6
2026-02-06 08:00:00,-50.28,9.6,62.0
2026-02-06 09:00:00,-49.46,3.99,61.2
2026-02-06 10:00:00,-48.68,5.88,36.7
2026-02-06 11:00:00,-45.75,5.98,22.3
2026-02-06 12:00:00,-51.15,2.76,65.9
2026-02-06 13:00:00,-50.45,3.75,13.0
2026-02-06 14:00:00,-51.65,0.12,36.0
2026-02-06 15:00:00,-49.86,2.49,18.0
2026-02-06 16:00:00,-47.66,5.39,29.4
2026-02-06 17:00:00,-54.08,4.77,17.9
2026-02-06 18:00:00,-54.1,3.54,20.0
2026-02-06 19:00:00,-50.93,7.15,23.6
2026-02-06 20:00:00,-51.35,9.91,70.8
2026-02-06 21:00:00,-48.54,2.91,41.5
2026-02-06 22:00:00,-50.45,13.77,33.4
2026-02-06 23:00:00,-51.61,10.36,35.6
2026-02-07 00:00:00,-48.74,13.48,70.8
2026-02-07 01:00:00,-46.93,16.35,24.4
2026-02-07 02:00:00,-46.78,8.88,64.7
2026-02-07 03:00:00,-46.79,10.76,72.3
2026-02-07 04:00:00,-45.19,11.58,79.3
2026-02-07 05:00:00,-44.69,9.35,21.4
2026-02-07 06:00:00,-44.16,15.91,18.7
2026-02-07 07:00:00,-45.73,6.95,46.2
2026-02-07 08:00:00,-47.66,6.57,65.8
2026-02-07 09:00:00,-47.51,7.55,29.4
2026-02-07 10:00:00,-46.01,2.1,10.1
2026-02-07 11:00:00,-50.78,3.45,50.1
2026-02-07 12:00:00,-49.19,4.75,26.7
2026-02-07 13:00:00,-51.49,2.24,68.6
2026-02-07 14:00:00,-51.37,2.73,81.5
2026-02-07 15:00:00,-49.49,1.53,29.9
2026-02-07 16:00:00,-52.14,0.0,34.3
2026-02-07 17:00:00,-52.73,5.27,42.0
2026-02-07 18:00:00,-55.64,10.56,66.0
2026-02-07 19:00:00,-51.33,6.53,39.1
2026-02-07 20:00:00,-51.23,8.44,84.2
2026-02-07 21:00:00,-47.72,11.14,26.7
2026-02-07 22:00:00,-52.04,6.48,59.7
2026-02-07 23:00:00,-50.26,16.47,81.5
2026-02-08 00:00:00,-49.23,12.81,54.1
2026-02-08 01:00:00,-45.8,17.66,33.1
2026-02-08 02:00:00,-48.42,10.8,8.6
2026-02-08 03:00:00,-47.05,18.34,75.3
2026-02-08 04:00:00,-45.92,14.77,51.6
2026-02-08 05:00:00,-46.46,13.36,40.1
2026-02-08 06:00:00,-47.62,11.4,96.8
2026-02-08 07:00:00,-46.44,8.77,69.0
2026-02-08 08:00:00,-44.98,11.84,54.1
2026-02-08 09:00:00,-49.66,7.36,50.7
2026-02-08 10:00:00,-47.96,0.0,61.8
2026-02-08 11:00:00,-50.35,1.28,36.4
2026-02-08 12:00:00,-47.34,3.24,20.0
2026-02-08 13:00:00,-53.55,4.17,73.9
2026-02-08 14:00:00,-52.35,2.84,52.3
2026-02-08 15:00:00,-51.1,6.77,28.0
2026-02-08 16:00:00,-49.2,0.0,56.2
2026-02-08 17:00:00,-52.76,4.73,15.7
2026-02-08 18:00:00,-53.84,0.0,76.0
2026-02-08 19:00:00,-48.86,8.76,79.3
2026-02-08 20:00:00,-55.22,7.48,59.4
2026-02-08 21:00:00,-56.25,10.32,26.5
2026-02-08 22:00:00,-50.35,7.7,25.6
2026-02-08 23:00:00,-51.51,15.2,70.2
2026-02-09 00:00:00,-51.57,15.33,71.8
2026-02-09 01:00:00,-47.34,14.51,92.0
2026-02-09 02:00:00,-47.54,12.61,53.7
2026-02-09 03:00:00,-48.54,14.62,41.8
2026-02-09 04:00:00,-49.49,10.32,46.8
2026-02-09 05:00:00,-44.89,14.27,40.2
2026-02-09 06:00:00,-45.23,15.65,22.8
2026-02-09 07:00:00,-46.83,12.73,58.7
2026-02-09 08:00:00,-43.24,6.05,55.7
2026-02-09 09:00:00,-49.55,8.02,63.0
2026-02-09 10:00:00,-51.08,1.83,38.8
2026-02-09 11:00:00,-50.14,6.35,37.3
2026-02-09 12:00:00,-49.62,5.14,73.6
2026-02-09 13:00:00,-49.82,0.0,40.4
2026-02-09 14:00:00,-51.51,0.0,35.4
2026-02-09 15:00:00,-50.95,2.27,63.5
2026-02-09 16:00:00,-54.63,2.65,52.3
2026-02-09 17:00:00,-49.54,0.67,83.0
2026-02-09 18:00:00,-52.7,6.47,71.2
2026-02-09 19:00:00,-50.19,7.23,40.9
2026-02-09 20:00:00,-51.44,7.18,22.5
2026-02-09 21:00:00,-50.74,6.8,45.8
2026-02-09 22:00:00,-49.89,13.44,66.5
2026-02-09 23:00:00,-49.41,16.33,44.3
2026-02-10 00:00:00,-48.05,10.76,61.9
2026-02-10 01:00:00,-45.9,10.93,64.2
2026-02-10 02:00:00,-47.44,14.47,56.4
2026-02-10 03:00:00,-45.79,11.81,49.4
2026-02-10 04:00:00,-46.91,12.03,51.7
2026-02-10 05:00:00,-43.55,13.92,32.8
2026-02-10 06:00:00,-47.68,4.97,49.7
2026-02-10 07:00:00,-42.83,13.48,19.7
2026-02-10 08:00:00,-46.81,8.45,82.0
2026-02-10 09:00:00,-50.07,5.7,37.0
2026-02-10 10:00:00,-47.57,5.44,78.4
2026-02-10 11:00:00,-49.92,4.52,24.2
2026-02-10 12:00:00,-47.65,0.0,30.6
2026-02-10 13:00:00,-51.41,7.72,50.8
2026-02-10 14:00:00,-51.72,3.13,45.0
2026-02-10 15:00:00,-55.23,4.44,87.3
2026-02-10 16:00:00,-52.83,6.41,31.4
2026-02-10 17:00:00,-57.08,1.24,25.7
2026-02-10 18:00:00,-55.5,6.72,44.0
2026-02-10 19:00:00,-50.71,5.68,65.4
2026-02-10 20:00:00,-50.36,10.3,45.1
2026-02-10 21:00:00,-50.6,2.68,16.5
2026-02-10 22:00:00,-52.76,10.0,29.5
2026-02-10 23:00:00,-50.2,9.56,79.7
2026-02-11 00:00:00,-49.13,13.5,57.2
2026-02-11 01:00:00,-50.67,14.17,46.0
2026-02-11 02:00:00,-44.62,10.87,43.2
2026-02-11 03:00:00,-45.25,10.75,53.9
2026-02-11 04:00:00,-46.97,12.11,28.3
2026-02-11 05:00:00,-46.18,9.01,52.0
2026-02-11 06:00:00,-45.71,13.23,11.5
2026-02-11 07:00:00,-50.31,8.41,28.7
2026-02-11 08:00:00,-47.02,0.0,84.3
2026-02-11 09:00:00,-48.37,5.81,26.1
2026-02-11 10:00:00,-49.63,2.59,1.8
2026-02-11 11:00:00,-48.91,0.0,8.7
2026-02-11 12:00:00,-45.53,0.08,15.1
2026-02-11 13:00:00,-48.62,3.57,54.9
2026-02-11 14:00:00,-51.77,6.99,70.9
2026-02-11 15:00:00,-50.1,4.05,40.1
2026-02-11 16:00:00,-48.93,1.74,59.4
2026-02-11 17:00:00,-50.18,5.67,23.2
2026-02-11 18:00:00,-52.01,3.92,73.4
2026-02-11 19:00:00,-53.32,4.4,64.0
2026-02-11 20:00:00,-50.33,4.3,45.6
2026-02-11 21:00:00,-50.46,3.81,19.8
2026-02-11 22:00:00,-48.84,9.12,40.0
2026-02-11 23:00:00,-48.63,11.84,22.3
2026-02-12 00:00:00,-46.82,11.92,71.4
2026-02-12 01:00:00,-49.21,11.52,45.6
2026-02-12 02:00:00,-44.79,10.16,69.7
2026-02-12 03:00:00,-46.4,14.71,12.4
2026-02-12 04:00:00,-42.17,8.49,72.5
2026-02-12 05:00:00,-47.4,14.03,59.7
2026-02-12 06:00:00,-42.45,7.69,60.9
2026-02-12 07:00:00,-45.63,7.26,27.7
2026-02-12 08:00:00,-47.63,3.84,48.9
2026-02-12 09:00:00,-47.77,5.43,50.2
2026-02-12 10:00:00,-48.06,8.63,65.4
2026-02-12 11:00:00,-47.3,6.18,26.0
2026-02-12 12:00:00,-47.88,6.73,25.1
2026-02-12 13:00:00,-50.84,4.8,21.0
2026-02-12 14:00:00,-50.47,0.0,18.2
2026-02-12 15:00:00,-46.76,2.12,19.1
2026-02-12 16:00:00,-48.06,1.22,49.6
2026-02-12 17:00:00,-50.95,8.29,52.6
2026-02-12 18:00:00,-51.84,1.71,21.7
2026-02-12 19:00:00,-51.58,9.16,51.4
2026-02-12 20:00:00,-50.29,10.44,57.3
2026-02-12 21:00:00,-53.09,14.55,73.6
2026-02-12 22:00:00,-50.94,9.06,10.3
2026-02-12 23:00:00,-53.03,13.5,53.6
2026-02-13 00:00:00,-47.91,19.05,58.0
2026-02-13 01:00:00,-46.64,10.91,54.2
2026-02-13 02:00:00,-48.18,8.39,30.2
2026-02-13 03:00:00,-43.44,7.25,20.3
2026-02-13 04:00:00,-48.57,14.58,16.9
2026-02-13 05:00:00,-48.74,6.05,68.1
2026-02-13 06:00:00,-45.26,9.58,17.6
2026-02-13 07:00:00,-43.72,10.83,17.9
2026-02-13 08:00:00,-42.75,8.79,49.9
2026-02-13 09:00:00,-47.51,8.21,9.0
2026-02-13 10:00:00,-45.05,6.37,74.7
2026-02-13 11:00:00,-48.01,8.47,35.3
2026-02-13 12:00:00,-49.06,0.94,77.1
2026-02-13 13:00:00,-47.72,1.21,34.2
2026-02-13 14:00:00,-48.91,0.69,45.2
2026-02-13 15:00:00,-53.99,5.61,57.9
2026-02-13 16:00:00,-48.36,6.26,81.1
2026-02-13 17:00:00,-48.85,5.66,34.5
2026-02-13 18:00:00,-52.96,8.85,27.8
2026-02-13 19:00:00,-50.82,2.95,22.5
2026-02-13 20:00:00,-50.32,12.77,52.4
2026-02-13 21:00:00,-50.31,13.63,68.1
2026-02-13 22:00:00,-51.31,12.5,66.0
2026-02-13 23:00:00,-50.83,16.71,74.6
2026-02-14 00:00:00,-48.55,7.24,74.5
2026-02-14 01:00:00,-45.38,11.19,32.6
2026-02-14 02:00:00,-45.91,10.79,2.8
2026-02-14 03:00:00,-47.12,15.05,36.4
2026-02-14 04:00:00,-44.36,9.29,70.6
2026-02-14 05:00:00,-51.3,13.97,24.0
2026-02-14 06:00:00,-43.2,14.81,67.7
2026-02-14 07:00:00,-49.08,11.61,47.3
2026-02-14 08:00:00,-46.63,9.09,48.7
2026-02-14 09:00:00,-48.62,3.97,68.4
2026-02-14 10:00:00,-49.59,3.17,35.3
2026-02-14 11:00:00,-45.4,8.38,78.4
2026-02-14 12:00:00,-49.44,6.13,56.1
2026-02-14 13:00:00,-48.58,3.12,87.9
2026-02-14 14:00:00,-50.09,1.75,49.7
2026-02-14 15:00:00,-49.67,0.0,35.4
2026-02-14 16:00:00,-50.94,0.34,74.8
2026-02-14 17:00:00,-53.96,10.04,51.6
2026-02-14 18:00:00,-49.51,1.46,15.5
2026-02-14 19:00:00,-52.39,7.05,87.6
2026-02-14 20:00:00,-54.21,10.79,54.2
2026-02-14 21:00:00,-51.48,5.3,82.0
2026-02-14 22:00:00,-47.0,10.85,54.2
2026-02-14 23:00:00,-47.58,14.18,26.3
2026-02-15 00:00:00,-48.98,12.24,58.5
2026-02-15 01:00:00,-48.21,21.37,65.0
2026-02-15 02:00:00,-47.43,7.99,29.9
2026-02-15 03:00:00,-42.01,16.06,38.6
2026-02-15 04:00:00,-44.92,11.92,47.9
2026-02-15 05:00:00,-44.53,14.01,82.6
2026-02-15 06:00:00,-43.23,12.03,10.3
2026-02-15 07:00:00,-44.91,7.32,46.8
2026-02-15 08:00:00,-46.21,8.92,71.6
2026-02-15 09:00:00,-46.56,1.36,17.8
2026-02-15 10:00:00,-46.93,7.52,99.2
2026-02-15 11:00:00,-47.58,5.53,73.8
2026-02-15 12:00:00,-46.83,5.71,19.4
2026-02-15 13:00:00,-48.96,6.41,47.7
2026-02-15 14:00:00,-48.32,4.11,29.8
2026-02-15 15:00:00,-50.57,3.56,32.6
2026-02-15 16:00:00,-50.73,0.91,50.5
2026-02-15 17:00:00,-55.18,2.16,7.1
2026-02-15 18:00:00,-49.45,8.86,8.5
2026-02-15 19:00:00,-50.49,10.79,51.5
2026-02-15 20:00:00,-48.89,7.05,42.3
2026-02-15 21:00:00,-56.2,9.2,52.2
2026-02-15 22:00:00,-45.61,7.58,51.7
2026-02-15 23:00:00,-49.34,14.88,27.9
2026-02-16 00:00:00,-45.85,14.2,60.4
2026-02-16 01:00:00,-49.37,18.59,56.2
2026-02-16 02:00:00,-45.34,10.36,94.2
2026-02-16 03:00:00,-48.06,11.75,36.8
2026-02-16 04:00:00,-46.72,13.14,26.6
2026-02-16 05:00:00,-41.34,13.64,66.5
2026-02-16 06:00:00,-45.45,10.05,50.6
2026-02-16 07:00:00,-44.74,6.9,29.0
2026-02-16 08:00:00,-43.73,10.88,53.2
2026-02-16 09:00:00,-44.96,9.1,62.1
2026-02-16 10:00:00,-46.27,2.96,50.4
2026-02-16 11:00:00,-46.56,8.7,59.8
2026-02-16 12:00:00,-43.26,7.3,31.8
2026-02-16 13:00:00,-48.96,3.64,68.6
2026-02-16 14:00:00,-49.17,3.24,59.5
2026-02-16 15:00:00,-48.09,4.78,20.5
2026-02-16 16:00:00,-48.46,0.97,62.5
2026-02-16 17:00:00,-48.59,4.39,35.1
2026-02-16 18:00:00,-49.79,0.0,97.7
2026-02-16 19:00:00,-53.25,9.11,37.8
2026-02-16 20:00:00,-47.4,3.08,24.0
2026-02-16 21:00:00,-52.48,13.58,33.1
2026-02-16 22:00:00,-48.96,9.3,49.1
2026-02-16 23:00:00,-50.36,10.73,39.2
2026-02-17 00:00:00,-47.98,10.32,61.5
2026-02-17 01:00:00,-46.42,11.9,19.8
2026-02-17 02:00:00,-45.71,17.25,25.7
2026-02-17 03:00:00,-44.89,5.42,49.3
2026-02-17 04:00:00,-42.03,16.27,16.6
2026-02-17 05:00:00,-44.05,12.71,70.8
2026-02-17 06:00:00,-45.34,7.08,28.3
2026-02-17 07:00:00,-43.03,6.29,43.8
2026-02-17 08:00:00,-42.87,13.27,17.9
2026-02-17 09:00:00,-48.19,4.1,14.3
2026-02-17 10:00:00,-45.16,2.25,79.3
2026-02-17 11:00:00,-45.67,8.05,37.9
2026-02-17 12:00:00,-48.45,4.81,25.7
2026-02-17 13:00:00,-45.88,0.42,69.7
2026-02-17 14:00:00,-49.65,3.66,93.3
2026-02-17 15:00:00,-49.72,0.04,44.2
2026-02-17 16:00:00,-50.8,6.86,66.9
2026-02-17 17:00:00,-50.72,7.49,73.8
2026-02-17 18:00:00,-53.04,6.89,59.3
2026-02-17 19:00:00,-53.63,7.56,39.5
2026-02-17 20:00:00,-47.26,13.05,86.6
2026-02-17 21:00:00,-51.67,9.06,25.6
2026-02-17 22:00:00,-51.33,6.75,81.0
2026-02-17 23:00:00,-52.93,12.71,39.7
2026-02-18 00:00:00,-48.91,18.47,37.1
2026-02-18 01:00:00,-49.5,9.72,15.7
2026-02-18 02:00:00,-42.85,11.91,41.6
2026-02-18 03:00:00,-43.49,14.13,30.1
2026-02-18 04:00:00,-46.41,12.28,74.3
2026-02-18 05:00:00,-40.23,8.75,65.1
2026-02-18 06:00:00,-42.67,14.07,58.5
2026-02-18 07:00:00,-45.38,16.48,34.7
2026-02-18 08:00:00,-50.03,8.82,73.9
2026-02-18 09:00:00,-40.93,4.22,23.8
2026-02-18 10:00:00,-48.91,1.06,32.4
2026-02-18 11:00:00,-50.14,5.41,34.9
2026-02-18 12:00:00,-45.58,7.1,62.6
2026-02-18 13:00:00,-43.53,4.66,29.7
2026-02-18 14:00:00,-46.36,3.0,61.9
2026-02-18 15:00:00,-48.62,1.35,5.6
2026-02-18 16:00:00,-49.04,0.28,89.0
2026-02-18 17:00:00,-48.82,6.81,37.4
2026-02-18 18:00:00,-49.11,8.04,71.0
2026-02-18 19:00:00,-49.97,1.84,5.0
2026-02-18 20:00:00,-50.02,12.53,11.1
2026-02-18 21:00:00,-49.88,10.79,85.5
2026-02-18 22:00:00,-50.64,14.49,20.1
2026-02-18 23:00:00,-48.97,7.34,61.3
2026-02-19 00:00:00,-50.79,8.11,73.7
2026-02-19 01:00:00,-46.83,12.32,25.0
2026-02-19 02:00:00,-47.88,14.5,80.8
2026-02-19 03:00:00,-47.49,18.27,57.4
2026-02-19 04:00:00,-44.45,14.56,70.3
2026-02-19 05:00:00,-41.72,10.97,36.9
2026-02-19 06:00:00,-42.57,7.62,23.5
2026-02-19 07:00:00,-47.65,13.21,63.3
2026-02-19 08:00:00,-46.79,5.34,74.0
2026-02-19 09:00:00,-43.4,11.82,55.3
2026-02-19 10:00:00,-47.87,4.85,86.9
2026-02-19 11:00:00,-47.08,9.41,70.9
2026-02-19 12:00:00,-46.31,5.83,84.7
2026-02-19 13:00:00,-50.12,2.83,91.1
2026-02-19 14:00:00,-48.7,1.45,77.1
2026-02-19 15:00:00,-52.2,2.09,62.6
2026-02-19 16:00:00,-51.21,4.84,20.5
2026-02-19 17:00:00,-49.66,4.53,94.0
2026-02-19 18:00:00,-53.59,3.52,29.6
2026-02-19 19:00:00,-49.42,5.98,43.1
2026-02-19 20:00:00,-50.04,8.0,29.8
2026-02-19 21:00:00,-48.42,2.68,45.8
2026-02-19 22:00:00,-48.46,11.67,24.8
2026-02-19 23:00:00,-45.45,8.43,59.0
2026-02-20 00:00:00,-46.93,8.75,43.5
2026-02-20 01:00:00,-47.26,7.7,54.5
2026-02-20 02:00:00,-45.44,7.61,67.1
2026-02-20 03:00:00,-43.97,8.82,10.7
2026-02-20 04:00:00,-44.49,10.32,71.2
2026-02-20 05:00:00,-44.2,17.56,34.1
2026-02-20 06:00:00,-45.58,9.12,38.7
2026-02-20 07:00:00,-45.61,10.05,57.7
2026-02-20 08:00:00,-47.39,9.44,26.5
2026-02-20 09:00:00,-41.56,7.33,48.7
2026-02-20 10:00:00,-48.17,5.47,58.9
2026-02-20 11:00:00,-47.79,1.05,56.3
2026-02-20 12:00:00,-48.62,8.15,35.2
2026-02-20 13:00:00,-46.17,8.66,40.0
2026-02-20 14:00:00,-49.27,0.0,10.4
2026-02-20 15:00:00,-46.81,0.04,23.8
2026-02-20 16:00:00,-51.13,2.72,17.5
2026-02-20 17:00:00,-49.52,1.41,66.7
2026-02-20 18:00:00,-51.85,6.82,30.3
2026-02-20 19:00:00,-45.79,4.29,48.7
2026-02-20 20:00:00,-52.15,14.26,52.7
2026-02-20 21:00:00,-48.68,12.64,38.9
2026-02-20 22:00:00,-47.41,10.93,23.7
2026-02-20 23:00:00,-47.13,14.45,39.8
2026-02-21 00:00:00,-47.32,15.53,77.4
2026-02-21 01:00:00,-46.44,11.07,67.9
2026-02-21 02:00:00,-45.37,10.55,80.3
2026-02-21 03:00:00,-45.13,13.12,85.6
2026-02-21 04:00:00,-42.43,15.03,42.2
2026-02-21 05:00:00,-39.63,12.12,43.5
2026-02-21 06:00:00,-45.07,5.97,56.7
2026-02-21 07:00:00,-46.8,7.11,25.9
2026-02-21 08:00:00,-44.53,8.01,51.0
2026-02-21 09:00:00,-39.67,6.71,47.7
2026-02-21 10:00:00,-47.06,11.62,32.4
2026-02-21 11:00:00,-42.9,0.48,46.6
2026-02-21 12:00:00,-43.6,5.31,54.6
2026-02-21 13:00:00,-48.84,7.7,53.8
2026-02-21 14:00:00,-47.32,9.82,67.9
2026-02-21 15:00:00,-45.82,1.9,22.6
2026-02-21 16:00:00,-50.31,5.03,54.9
2026-02-21 17:00:00,-50.26,6.01,62.7
2026-02-21 18:00:00,-51.12,5.88,62.5
2026-02-21 19:00:00,-51.88,6.18,24.7
2026-02-21 20:00:00,-50.85,9.07,72.3
2026-02-21 21:00:00,-51.52,1.47,29.1
2026-02-21 22:00:00,-48.39,12.34,62.2
2026-02-21 23:00:00,-49.27,11.74,51.4
2026-02-22 00:00:00,-46.26,11.54,52.9
2026-02-22 01:00:00,-49.06,18.9,37.6
2026-02-22 02:00:00,-44.56,10.97,79.2
2026-02-22 03:00:00,-42.94,11.68,17.0
2026-02-22 04:00:00,-48.11,18.42,71.5
2026-02-22 05:00:00,-43.08,9.2,10.5
2026-02-22 06:00:00,-41.27,9.05,68.9
2026-02-22 07:00:00,-46.24,9.08,58.7
2026-02-22 08:00:00,-40.78,10.76,34.8
2026-02-22 09:00:00,-43.76,7.56,9.1
2026-02-22 10:00:00,-46.63,1.83,19.7
2026-02-22 11:00:00,-46.06,3.04,27.0
2026-02-22 12:00:00,-45.61,1.97,88.5
2026-02-22 13:00:00,-47.35,3.01,48.5
2026-02-22 14:00:00,-47.15,4.28,40.4
2026-02-22 15:00:00,-50.69,4.37,82.4
2026-02-22 16:00:00,-48.98,0.0,68.8
2026-02-22 17:00:00,-52.45,7.49,29.1
2026-02-22 18:00:00,-49.95,6.06,26.0
2026-02-22 19:00:00,-51.43,10.63,39.4
2026-02-22 20:00:00,-50.79,9.1,62.0
2026-02-22 21:00:00,-46.37,12.37,14.0
2026-02-22 22:00:00,-46.04,11.69,78.3
2026-02-22 23:00:00,-46.28,15.4,60.3
2026-02-23 00:00:00,-48.68,13.77,49.0
2026-02-23 01:00:00,-46.35,12.47,29.0
2026-02-23 02:00:00,-42.57,19.81,51.5
2026-02-23 03:00:00,-44.09,15.55,39.3
2026-02-23 04:00:00,-39.25,14.16,34.1
2026-02-23 05:00:00,-42.81,7.87,12.8
2026-02-23 06:00:00,-43.11,6.84,82.3
2026-02-23 07:00:00,-44.21,10.4,65.8
2026-02-23 08:00:00,-43.63,8.67,55.2
2026-02-23 09:00:00,-44.68,5.09,74.8
2026-02-23 10:00:00,-43.58,6.13,51.9
2026-02-23 11:00:00,-43.8,9.4,43.9
2026-02-23 12:00:00,-48.06,5.88,13.2
2026-02-23 13:00:00,-49.93,0.0,32.9
2026-02-23 14:00:00,-51.66,2.67,62.0
2026-02-23 15:00:00,-47.6,0.7,70.2
2026-02-23 16:00:00,-51.3,2.39,21.6
2026-02-23 17:00:00,-53.7,3.06,98.1
2026-02-23 18:00:00,-48.71,3.87,86.4
2026-02-23 19:00:00,-44.4,2.71,31.6
2026-02-23 20:00:00,-49.1,7.38,73.2
2026-02-23 21:00:00,-46.94,7.38,56.8
2026-02-23 22:00:00,-47.83,1.5,28.2
2026-02-23 23:00:00,-47.47,17.52,24.7
2026-02-24 00:00:00,-44.42,15.47,67.5
2026-02-24 01:00:00,-46.06,11.63,61.4
2026-02-24 02:00:00,-44.22,13.05,21.5
2026-02-24 03:00:00,-43.49,9.37,57.8
2026-02-24 04:00:00,-45.0,17.53,68.2
2026-02-24 05:00:00,-41.38,17.39,39.1
2026-02-24 06:00:00,-43.61,11.17,49.7
2026-02-24 07:00:00,-44.87,12.59,42.4
2026-02-24 08:00:00,-42.59,8.76,62.0
2026-02-24 09:00:00,-45.93,2.93,44.3
2026-02-24 10:00:00,-44.7,4.47,15.3
2026-02-24 11:00:00,-45.5,5.03,87.8
2026-02-24 12:00:00,-44.09,2.43,16.8
2026-02-24 13:00:00,-46.08,2.58,26.1
2026-02-24 14:00:00,-47.81,2.73,67.9
2026-02-24 15:00:00,-46.74,2.87,24.9
2026-02-24 16:00:00,-46.08,3.71,78.6
2026-02-24 17:00:00,-48.04,1.12,29.5
2026-02-24 18:00:00,-49.24,3.15,83.0
2026-02-24 19:00:00,-51.78,2.63,21.8
2026-02-24 20:00:00,-50.99,10.7,47.9
2026-02-24 21:00:00,-48.99,2.75,72.9
2026-02-24 22:00:00,-48.98,13.75,62.9
2026-02-24 23:00:00,-47.41,15.52,27.3
2026-02-25 00:00:00,-45.91,11.3,61.7
2026-02-25 01:00:00,-44.19,4.95,75.4
2026-02-25 02:00:00,-44.66,11.91,39.3
2026-02-25 03:00:00,-42.93,12.69,25.8
2026-02-25 04:00:00,-43.3,9.41,25.4
2026-02-25 05:00:00,-47.08,10.15,62.4
2026-02-25 06:00:00,-44.9,15.29,54.9
2026-02-25 07:00:00,-43.41,11.52,57.4
2026-02-25 08:00:00,-45.84,5.46,53.6
2026-02-25 09:00:00,-42.7,2.14,53.0
2026-02-25 10:00:00,-41.46,4.73,43.8
2026-02-25 11:00:00,-42.81,3.99,43.1
2026-02-25 12:00:00,-46.45,5.28,26.2
2026-02-25 13:00:00,-43.82,1.63,74.3
2026-02-25 14:00:00,-47.22,4.54,78.4
2026-02-25 15:00:00,-48.82,8.92,56.0
2026-02-25 16:00:00,-49.85,6.0,47.9
2026-02-25 17:00:00,-49.53,4.16,11.6
2026-02-25 18:00:00,-49.8,4.75,24.7
2026-02-25 19:00:00,-48.58,5.41,54.7
2026-02-25 20:00:00,-48.3,11.31,51.7
2026-02-25 21:00:00,-48.14,7.18,81.2
2026-02-25 22:00:00,-46.65,10.43,67.2
2026-02-25 23:00:00,-44.42,11.52,93.5
2026-02-26 00:00:00,-43.89,10.7,83.1
2026-02-26 01:00:00,-47.98,8.65,60.6
2026-02-26 02:00:00,-49.39,13.96,64.8
2026-02-26 03:00:00,-41.79,12.7,38.8
2026-02-26 04:00:00,-45.92,13.94,89.6
2026-02-26 05:00:00,-43.34,10.1,53.1
2026-02-26 06:00:00,-45.13,14.36,37.5
2026-02-26 07:00:00,-46.49,6.89,88.5
2026-02-26 08:00:00,-42.1,13.37,59.7
2026-02-26 09:00:00,-42.15,1.69,73.1
2026-02-26 10:00:00,-45.44,7.01,35.4
2026-02-26 11:00:00,-50.19,6.06,26.9
2026-02-26 12:00:00,-46.88,1.41,71.4
2026-02-26 13:00:00,-45.78,4.51,11.8
2026-02-26 14:00:00,-50.24,6.84,34.5
2026-02-26 15:00:00,-47.54,0.0,54.1
2026-02-26 16:00:00,-48.41,5.06,34.1
2026-02-26 17:00:00,-47.52,0.0,63.2
2026-02-26 18:00:00,-48.55,2.4,74.2
2026-02-26 19:00:00,-50.63,11.37,66.3
2026-02-26 20:00:00,-45.99,6.02,62.0
2026-02-26 21:00:00,-48.22,5.54,54.6
2026-02-26 22:00:00,-47.34,9.7,70.3
2026-02-26 23:00:00,-48.43,17.57,27.4
2026-02-27 00:00:00,-46.43,6.71,44.1
2026-02-27 01:00:00,-46.54,9.61,33.0
2026-02-27 02:00:00,-44.39,17.49,20.6
2026-02-27 03:00:00,-40.0,18.46,8.2
2026-02-27 04:00:00,-45.69,12.13,28.2
2026-02-27 05:00:00,-45.88,7.98,17.0
2026-02-27 06:00:00,-39.6,16.99,54.0
2026-02-27 07:00:00,-43.07,14.3,37.2
2026-02-27 08:00:00,-44.29,10.27,74.4
2026-02-27 09:00:00,-41.34,4.5,52.5
2026-02-27 10:00:00,-45.26,5.56,71.5
2026-02-27 11:00:00,-41.12,4.15,42.3
2026-02-27 12:00:00,-44.19,4.79,65.9
2026-02-27 13:00:00,-47.3,7.59,50.9
2026-02-27 14:00:00,-42.73,5.64,36.2
2026-02-27 15:00:00,-48.88,0.0,65.4
2026-02-27 16:00:00,-46.66,7.69,41.5
2026-02-27 17:00:00,-47.85,5.24,70.1
2026-02-27 18:00:00,-45.94,7.36,33.1
2026-02-27 19:00:00,-45.32,10.88,90.3
2026-02-27 20:00:00,-48.08,4.43,24.0
2026-02-27 21:00:00,-49.17,8.96,19.2
2026-02-27 22:00:00,-46.13,8.7,32.3
2026-02-27 23:00:00,-47.68,6.66,4.3
2026-02-28 00:00:00,-41.28,13.25,72.4
2026-02-28 01:00:00,-44.26,20.3,29.1
2026-02-28 02:00:00,-44.54,7.47,14.1
2026-02-28 03:00:00,-42.81,12.79,25.3
2026-02-28 04:00:00,-45.4,14.36,40.8
2026-02-28 05:00:00,-44.35,12.07,70.0
2026-02-28 06:00:00,-39.9,10.36,69.6
2026-02-28 07:00:00,-43.72,5.62,19.5
2026-02-28 08:00:00,-44.8,8.93,31.9
2026-02-28 09:00:00,-42.11,4.66,68.4
2026-02-28 10:00:00,-41.43,0.0,67.6
2026-02-28 11:00:00,-43.09,8.22,41.2
2026-02-28 12:00:00,-43.31,6.67,57.0
2026-02-28 13:00:00,-47.6,3.39,53.3
2026-02-28 14:00:00,-49.65,3.69,41.2
2026-02-28 15:00:00,-44.42,6.34,79.0
2026-02-28 16:00:00,-48.55,4.23,91.5
2026-02-28 17:00:00,-48.7,7.01,66.0
2026-02-28 18:00:00,-45.65,4.41,28.3
2026-02-28 19:00:00,-47.09,10.42,44.2
2026-02-28 20:00:00,-46.99,8.73,30.2
2026-02-28 21:00:00,-43.1,9.65,33.1
2026-02-28 22:00:00,-48.09,6.48,62.5
2026-02-28 23:00:00,-44.23,12.23,57.8
2026-03-01 00:00:00,-44.95,9.71,82.6
2026-03-01 01:00:00,-43.75,10.85,82.2
2026-03-01 02:00:00,-40.51,10.55,86.8
2026-03-01 03:00:00,-41.93,9.69,34.9
2026-03-01 04:00:00,-41.39,18.82,64.8
2026-03-01 05:00:00,-40.02,15.69,75.1
2026-03-01 06:00:00,-42.79,16.46,77.9
2026-03-01 07:00:00,-43.84,5.85,63.6
2026-03-01 08:00:00,-44.55,8.45,36.7
2026-03-01 09:00:00,-46.87,3.05,67.5
2026-03-01 10:00:00,-39.45,3.62,42.8
2026-03-01 11:00:00,-46.49,1.88,73.4
2026-03-01 12:00:00,-45.51,7.51,47.6
2026-03-01 13:00:00,-46.39,2.05,20.3
2026-03-01 14:00:00,-45.95,6.21,72.4
2026-03-01 15:00:00,-45.55,4.93,27.1
2026-03-01 16:00:00,-45.94,10.47,92.0
2026-03-01 17:00:00,-49.13,0.0,43.9
2026-03-01 18:00:00,-48.4,9.08,56.3
2026-03-01 19:00:00,-47.4,9.92,69.6
2026-03-01 20:00:00,-48.16,4.84,31.1
2026-03-01 21:00:00,-43.97,12.09,19.7
2026-03-01 22:00:00,-45.58,11.3,60.6
2026-03-01 23:00:00,-44.37,10.68,64.2
2026-03-02 00:00:00,-43.49,9.74,16.7
2026-03-02 01:00:00,-41.7,10.61,44.8
2026-03-02 02:00:00,-42.96,19.14,37.6
2026-03-02 03:00:00,-45.29,12.89,56.6
2026-03-02 04:00:00,-41.42,14.79,83.7
2026-03-02 05:00:00,-43.22,9.33,54.1
2026-03-02 06:00:00,-42.88,8.36,73.8
2026-03-02 07:00:00,-40.75,12.77,33.0
2026-03-02 08:00:00,-39.74,4.19,15.3
2026-03-02 09:00:00,-42.66,5.69,47.0
2026-03-02 10:00:00,-42.7,5.81,70.3
2026-03-02 11:00:00,-40.64,4.97,51.7
2026-03-02 12:00:00,-44.34,3.26,30.2
2026-03-02 13:00:00,-40.39,4.42,3.3
2026-03-02 14:00:00,-45.19,5.08,40.2
2026-03-02 15:00:00,-50.46,5.32,14.9
2026-03-02 16:00:00,-45.91,0.6,82.8
2026-03-02 17:00:00,-46.95,3.45,85.6
2026-03-02 18:00:00,-45.24,8.88,66.6
2026-03-02 19:00:00,-46.37,9.16,38.1
2026-03-02 20:00:00,-47.69,3.65,71.0
2026-03-02 21:00:00,-49.39,10.12,81.9
2026-03-02 22:00:00,-46.74,4.36,36.9
2026-03-02 23:00:00,-47.3,11.51,30.2
2026-03-03 00:00:00,-45.73,17.9,40.4
2026-03-03 01:00:00,-42.62,9.92,42.1
2026-03-03 02:00:00,-39.73,10.49,31.3
2026-03-03 03:00:00,-41.66,15.18,54.3
2026-03-03 04:00:00,-44.37,7.81,50.0
2026-03-03 05:00:00,-40.79,9.8,59.5
2026-03-03 06:00:00,-39.18,12.49,56.5
2026-03-03 07:00:00,-42.9,7.62,38.9
2026-03-03 08:00:00,-42.24,7.53,45.9
2026-03-03 09:00:00,-42.42,9.17,68.2
2026-03-03 10:00:00,-44.64,6.97,33.5
2026-03-03 11:00:00,-42.5,5.44,69.6
2026-03-03 12:00:00,-44.82,2.78,64.5
2026-03-03 13:00:00,-44.51,4.35,62.4
2026-03-03 14:00:00,-47.85,2.63,90.6
2026-03-03 15:00:00,-47.57,4.49,60.3
2026-03-03 16:00:00,-45.73,2.07,58.2
2026-03-03 17:00:00,-48.22,3.75,19.3
2026-03-03 18:00:00,-44.12,2.33,59.5
2026-03-03 19:00:00,-48.27,6.37,72.0
2026-03-03 20:00:00,-46.72,5.33,51.5
2026-03-03 21:00:00,-44.83,5.72,40.0
2026-03-03 22:00:00,-48.91,11.07,33.9
2026-03-03 23:00:00,-48.87,12.0,88.2
2026-03-04 00:00:00,-47.38,14.56,67.3
2026-03-04 01:00:00,-41.03,11.47,58.5
2026-03-04 02:00:00,-43.93,14.22,17.3
2026-03-04 03:00:00,-37.09,14.54,72.5
2026-03-04 04:00:00,-42.86,13.78,37.5
2026-03-04 05:00:00,-41.06,9.22,25.1
2026-03-04 06:00:00,-38.24,11.15,58.9
2026-03-04 07:00:00,-37.42,10.61,47.7
2026-03-04 08:00:00,-37.61,8.26,64.5
2026-03-04 09:00:00,-39.79,0.68,43.6
2026-03-04 10:00:00,-40.78,6.19,22.2
2026-03-04 11:00:00,-42.37,11.27,24.3
2026-03-04 12:00:00,-42.77,2.71,50.5
2026-03-04 13:00:00,-46.21,1.05,87.3
2026-03-04 14:00:00,-47.46,4.13,38.2
2026-03-04 15:00:00,-46.46,4.05,66.1
2026-03-04 16:00:00,-47.27,7.13,29.3
2026-03-04 17:00:00,-48.13,0.53,27.6
2026-03-04 18:00:00,-45.93,7.49,76.9
2026-03-04 19:00:00,-45.31,8.25,27.3
2026-03-04 20:00:00,-46.75,7.34,53.9
2026-03-04 21:00:00,-43.49,10.08,33.3
2026-03-04 22:00:00,-48.11,13.38,54.4
2026-03-04 23:00:00,-45.49,13.98,97.6
2026-03-05 00:00:00,-45.51,8.78,42.1
2026-03-05 01:00:00,-47.04,15.22,63.7
2026-03-05 02:00:00,-42.74,12.8,51.8
2026-03-05 03:00:00,-42.2,13.1,85.5
2026-03-05 04:00:00,-38.45,12.66,45.3
2026-03-05 05:00:00,-39.92,11.25,68.3
2026-03-05 06:00:00,-43.13,14.28,15.9
2026-03-05 07:00:00,-37.47,9.27,35.4
2026-03-05 08:00:00,-39.04,4.88,78.6
2026-03-05 09:00:00,-40.79,5.75,78.8
2026-03-05 10:00:00,-43.03,6.24,40.6
2026-03-05 11:00:00,-45.22,8.32,52.3
2026-03-05 12:00:00,-44.82,5.6,46.8
2026-03-05 13:00:00,-42.68,0.69,69.6
2026-03-05 14:00:00,-41.81,10.46,61.1
2026-03-05 15:00:00,-43.11,3.91,57.7
2026-03-05 16:00:00,-47.66,7.38,61.8
2026-03-05 17:00:00,-49.22,3.85,53.8
2026-03-05 18:00:00,-46.8,6.9,43.8
2026-03-05 19:00:00,-50.51,9.0,33.0
2026-03-05 20:00:00,-46.03,11.42,50.6
2026-03-05 21:00:00,-46.5,12.24,60.4
2026-03-05 22:00:00,-46.51,12.91,41.7
2026-03-05 23:00:00,-48.05,10.42,17.4
2026-03-06 00:00:00,-42.8,10.49,66.2
2026-03-06 01:00:00,-44.12,13.76,56.2
2026-03-06 02:00:00,-44.67,15.79,45.2
2026-03-06 03:00:00,-47.45,12.22,71.6
2026-03-06 04:00:00,-41.29,15.64,26.4
2026-03-06 05:00:00,-37.39,16.06,71.5
2026-03-06 06:00:00,-37.51,7.95,22.8
2026-03-06 07:00:00,-41.85,7.01,68.7
2026-03-06 08:00:00,-42.44,7.81,2.7
2026-03-06 09:00:00,-40.77,7.86,33.7
2026-03-06 10:00:00,-44.33,4.13,51.2
2026-03-06 11:00:00,-42.45,8.69,24.7
2026-03-06 12:00:00,-42.3,5.06,74.5
2026-03-06 13:00:00,-42.15,3.36,26.9
2026-03-06 14:00:00,-45.53,0.0,36.4
2026-03-06 15:00:00,-46.36,0.0,62.8
2026-03-06 16:00:00,-48.18,4.4,52.4
2026-03-06 17:00:00,-48.38,0.0,83.4
2026-03-06 18:00:00,-47.28,8.34,47.5
2026-03-06 19:00:00,-45.99,6.01,91.7
2026-03-06 20:00:00,-44.6,17.49,41.8
2026-03-06 21:00:00,-47.56,15.99,22.5
2026-03-06 22:00:00,-42.34,9.75,50.0
2026-03-06 23:00:00,-45.15,11.05,37.6
2026-03-07 00:00:00,-43.62,15.19,49.3
2026-03-07 01:00:00,-44.3,17.87,53.0
2026-03-07 02:00:00,-46.93,8.08,29.1
2026-03-07 03:00:00,-39.69,7.53,14.0
2026-03-07 04:00:00,-39.51,10.58,28.6
2026-03-07 05:00:00,-41.24,13.45,88.7
2026-03-07 06:00:00,-40.45,12.19,57.1
2026-03-07 07:00:00,-39.65,12.73,39.3
2026-03-07 08:00:00,-44.11,4.64,61.8
2026-03-07 09:00:00,-42.52,0.0,64.1
2026-03-07 10:00:00,-40.49,8.28,18.4
2026-03-07 11:00:00,-45.31,2.15,61.8
2026-03-07 12:00:00,-42.99,0.0,55.3
2026-03-07 13:00:00,-47.07,3.67,52.1
2026-03-07 14:00:00,-44.15,5.39,52.9
2026-03-07 15:00:00,-45.77,2.75,32.9
2026-03-07 16:00:00,-49.41,2.18,74.7
2026-03-07 17:00:00,-44.15,3.82,51.6
2026-03-07 18:00:00,-48.05,4.19,45.5
2026-03-07 19:00:00,-48.1,2.44,46.6
2026-03-07 20:00:00,-45.78,5.62,80.7
2026-03-07 21:00:00,-43.4,10.63,65.2
2026-03-07 22:00:00,-47.11,11.26,84.2
2026-03-07 23:00:00,-44.23,11.87,89.4
2026-03-08 00:00:00,-42.47,9.22,49.4
2026-03-08 01:00:00,-41.17,12.22,86.3
2026-03-08 02:00:00,-41.48,6.46,43.2
2026-03-08 03:00:00,-41.94,13.42,69.3
2026-03-08 04:00:00,-42.39,16.73,80.9
2026-03-08 05:00:00,-40.26,7.28,59.5
2026-03-08 06:00:00,-42.47,8.94,28.6
2026-03-08 07:00:00,-46.27,10.51,10.9
2026-03-08 08:00:00,-39.86,11.99,55.7
2026-03-08 09:00:00,-39.4,5.59,24.6
2026-03-08 10:00:00,-46.55,3.63,58.4
2026-03-08 11:00:00,-44.57,0.0,53.5
2026-03-08 12:00:00,-42.09,4.1,66.0
2026-03-08 13:00:00,-39.99,9.36,56.8
2026-03-08 14:00:00,-44.79,3.84,70.3
2026-03-08 15:00:00,-46.91,3.05,71.9
2026-03-08 16:00:00,-46.29,4.52,16.9
2026-03-08 17:00:00,-43.48,4.27,7.4
2026-03-08 18:00:00,-47.62,2.86,13.4
2026-03-08 19:00:00,-47.82,8.95,40.2
2026-03-08 20:00:00,-46.89,8.44,20.7
2026-03-08 21:00:00,-47.36,9.12,54.2
2026-03-08 22:00:00,-44.58,7.37,90.0
2026-03-08 23:00:00,-40.86,15.28,75.4
2026-03-09 00:00:00,-42.43,14.2,29.1
2026-03-09 01:00:00,-42.8,11.1,56.5
2026-03-09 02:00:00,-42.16,16.0,22.3
2026-03-09 03:00:00,-44.08,11.39,70.3
2026-03-09 04:00:00,-38.71,10.1,44.3
2026-03-09 05:00:00,-40.33,9.42,95.6
2026-03-09 06:00:00,-40.44,5.39,32.1
2026-03-09 07:00:00,-33.79,10.94,52.5
2026-03-09 08:00:00,-39.88,2.74,28.8
2026-03-09 09:00:00,-42.46,3.25,53.5
2026-03-09 10:00:00,-42.43,0.0,63.4
2026-03-09 11:00:00,-40.0,4.38,88.1
2026-03-09 12:00:00,-42.85,3.34,45.7
2026-03-09 13:00:00,-46.73,2.26,59.1
2026-03-09 14:00:00,-42.74,0.0,38.7
2026-03-09 15:00:00,-46.53,0.0,72.4
2026-03-09 16:00:00,-41.93,4.95,70.7
2026-03-09 17:00:00,-43.81,2.65,18.5
2026-03-09 18:00:00,-46.97,6.25,20.6
2026-03-09 19:00:00,-43.41,3.82,69.4
2026-03-09 20:00:00,-45.54,8.31,64.6
2026-03-09 21:00:00,-43.49,12.97,61.2
2026-03-09 22:00:00,-43.61,12.05,63.2
2026-03-09 23:00:00,-45.55,10.13,47.6
2026-03-10 00:00:00,-44.11,12.98,51.8
2026-03-10 01:00:00,-39.99,12.04,13.0
2026-03-10 02:00:00,-41.99,13.02,56.2
2026-03-10 03:00:00,-41.51,11.91,46.8
2026-03-10 04:00:00,-42.14,11.95,84.2
2026-03-10 05:00:00,-39.08,12.33,62.7
2026-03-10 06:00:00,-35.7,7.72,9.4
2026-03-10 07:00:00,-42.06,6.47,81.2
2026-03-10 08:00:00,-40.18,4.07,73.8
2026-03-10 09:00:00,-37.88,2.13,63.2
2026-03-10 10:00:00,-41.48,2.06,61.8
2026-03-10 11:00:00,-41.14,5.11,36.9
2026-03-10 12:00:00,-44.95,1.11,37.6
2026-03-10 13:00:00,-42.74,4.78,39.6
2026-03-10 14:00:00,-44.7,3.11,57.2
2026-03-10 15:00:00,-42.97,0.0,36.1
2026-03-10 16:00:00,-43.05,5.52,59.0
2026-03-10 17:00:00,-40.54,6.73,72.2
2026-03-10 18:00:00,-44.66,2.32,84.6
2026-03-10 19:00:00,-45.07,7.74,44.8
2026-03-10 20:00:00,-45.03,5.19,62.7
2026-03-10 21:00:00,-45.65,9.36,66.8
2026-03-10 22:00:00,-43.65,6.5,80.9
2026-03-10 23:00:00,-44.19,5.99,14.9
2026-03-11 00:00:00,-42.23,11.06,12.7
2026-03-11 01:00:00,-39.16,12.39,70.7
2026-03-11 02:00:00,-43.08,11.8,26.3
2026-03-11 03:00:00,-38.17,9.33,52.4
2026-03-11 04:00:00,-37.34,11.24,40.1
2026-03-11 05:00:00,-39.91,12.51,18.2
2026-03-11 06:00:00,-43.81,10.57,67.2
2026-03-11 07:00:00,-40.89,10.07,85.5
2026-03-11 08:00:00,-37.38,6.23,33.1
2026-03-11 09:00:00,-40.49,10.45,31.0
2026-03-11 10:00:00,-43.07,2.18,32.1
2026-03-11 11:00:00,-42.8,6.1,71.7
2026-03-11 12:00:00,-40.89,7.34,15.5
2026-03-11 13:00:00,-42.25,4.68,79.6
2026-03-11 14:00:00,-44.55,2.4,48.4
2026-03-11 15:00:00,-45.42,1.53,31.5
2026-03-11 16:00:00,-45.95,6.67,90.8
2026-03-11 17:00:00,-47.31,0.03,43.5
2026-03-11 18:00:00,-42.34,2.39,41.6
2026-03-11 19:00:00,-46.11,5.29,42.8
2026-03-11 20:00:00,-42.73,11.48,14.8
2026-03-11 21:00:00,-41.65,10.2,75.7
2026-03-11 22:00:00,-42.07,7.39,32.0
2026-03-11 23:00:00,-44.21,10.43,32.3
2026-03-12 00:00:00,-41.51,10.36,73.9
2026-03-12 01:00:00,-41.59,10.63,51.7
2026-03-12 02:00:00,-42.62,15.93,79.3
2026-03-12 03:00:00,-39.54,8.77,18.4
2026-03-12 04:00:00,-42.07,17.27,46.0
2026-03-12 05:00:00,-37.04,14.18,74.4
2026-03-12 06:00:00,-40.24,13.97,35.0
2026-03-12 07:00:00,-39.01,8.13,42.9
2026-03-12 08:00:00,-39.15,7.79,62.0
2026-03-12 09:00:00,-40.71,2.64,15.1
2026-03-12 10:00:00,-39.64,4.13,65.6
2026-03-12 11:00:00,-42.49,6.12,27.4
2026-03-12 12:00:00,-40.57,7.68,72.9
2026-03-12 13:00:00,-45.78,0.0,16.5
2026-03-12 14:00:00,-43.56,1.91,82.8
2026-03-12 15:00:00,-40.56,2.66,92.8
2026-03-12 16:00:00,-46.91,0.0,52.4
2026-03-12 17:00:00,-46.57,6.08,66.7
2026-03-12 18:00:00,-44.29,3.13,34.9
2026-03-12 19:00:00,-44.85,5.89,12.3
2026-03-12 20:00:00,-44.21,6.41,34.7
2026-03-12 21:00:00,-43.46,6.7,7.0
2026-03-12 22:00:00,-42.55,10.27,40.2
2026-03-12 23:00:00,-40.87,10.72,29.9
2026-03-13 00:00:00,-41.24,11.09,80.5
2026-03-13 01:00:00,-41.77,10.58,15.2
2026-03-13 02:00:00,-39.21,13.95,64.9
2026-03-13 03:00:00,-36.14,17.85,66.3
2026-03-13 04:00:00,-39.73,12.86,23.2
2026-03-13 05:00:00,-41.11,14.69,72.4
2026-03-13 06:00:00,-36.85,6.53,78.4
2026-03-13 07:00:00,-39.4,9.99,46.3
2026-03-13 08:00:00,-43.81,4.94,22.4
2026-03-13 09:00:00,-38.24,2.5,37.0
2026-03-13 10:00:00,-41.63,3.49,31.8
2026-03-13 11:00:00,-41.46,8.21,47.8
2026-03-13 12:00:00,-41.4,6.64,52.2
2026-03-13 13:00:00,-42.45,3.97,36.5
2026-03-13 14:00:00,-42.14,0.0,38.5
2026-03-13 15:00:00,-45.05,2.53,52.6
2026-03-13 16:00:00,-43.63,4.46,80.0
2026-03-13 17:00:00,-45.48,4.83,35.6
2026-03-13 18:00:00,-43.58,0.0,51.9
2026-03-13 19:00:00,-43.73,3.81,52.4
2026-03-13 20:00:00,-46.53,7.57,30.5
2026-03-13 21:00:00,-42.01,10.67,71.4
2026-03-13 22:00:00,-44.63,3.7,71.0
2026-03-13 23:00:00,-41.22,10.88,64.8
2026-03-14 00:00:00,-41.07,12.64,29.9
2026-03-14 01:00:00,-37.35,15.31,28.2
2026-03-14 02:00:00,-40.75,15.07,87.9
2026-03-14 03:00:00,-40.38,14.63,15.1
2026-03-14 04:00:00,-39.24,10.04,56.0
2026-03-14 05:00:00,-39.51,5.97,17.7
2026-03-14 06:00:00,-37.2,9.52,55.1
2026-03-14 07:00:00,-42.14,12.53,65.0
2026-03-14 08:00:00,-41.31,12.42,19.9
2026-03-14 09:00:00,-41.82,9.07,38.6
2026-03-14 10:00:00,-38.4,7.0,16.1
2026-03-14 11:00:00,-37.61,5.77,4.4
2026-03-14 12:00:00,-42.01,2.12,74.1
2026-03-14 13:00:00,-42.92,2.85,34.9
2026-03-14 14:00:00,-43.16,8.01,89.0
2026-03-14 15:00:00,-41.6,0.29,44.6
2026-03-14 16:00:00,-46.26,8.4,67.2
2026-03-14 17:00:00,-44.22,3.34,85.6
2026-03-14 18:00:00,-42.85,9.27,39.3
2026-03-14 19:00:00,-43.7,2.26,65.4
2026-03-14 20:00:00,-44.02,9.52,68.4
2026-03-14 21:00:00,-41.92,6.85,30.3
2026-03-14 22:00:00,-48.71,6.05,34.2
2026-03-14 23:00:00,-41.22,12.02,3.9
2026-03-15 00:00:00,-42.85,15.24,61.9
2026-03-15 01:00:00,-44.43,10.23,59.1
2026-03-15 02:00:00,-39.02,8.5,59.5
2026-03-15 03:00:00,-36.68,12.61,51.6
2026-03-15 04:00:00,-39.22,12.18,49.9
2026-03-15 05:00:00,-36.74,13.34,31.0
2026-03-15 06:00:00,-35.32,13.55,77.8
2026-03-15 07:00:00,-36.02,9.34,65.3
2026-03-15 08:00:00,-35.67,13.8,96.4
2026-03-15 09:00:00,-37.94,7.61,72.9
2026-03-15 10:00:00,-39.9,4.67,44.8
2026-03-15 11:00:00,-43.97,0.0,72.5
2026-03-15 12:00:00,-42.04,3.0,28.8
2026-03-15 13:00:00,-44.01,2.23,38.0
2026-03-15 14:00:00,-38.7,5.89,10.0
2026-03-15 15:00:00,-44.02,4.5,21.8
2026-03-15 16:00:00,-43.9,0.02,72.8
2026-03-15 17:00:00,-43.34,4.82,57.3
2026-03-15 18:00:00,-44.46,7.31,30.5
2026-03-15 19:00:00,-41.05,11.06,86.1
2026-03-15 20:00:00,-45.39,10.43,30.3
2026-03-15 21:00:00,-43.28,11.35,43.8
2026-03-15 22:00:00,-44.53,10.47,59.1
2026-03-15 23:00:00,-44.96,12.53,25.0
2026-03-16 00:00:00,-42.51,15.96,52.1
2026-03-16 01:00:00,-40.59,8.76,65.5
2026-03-16 02:00:00,-40.65,11.95,47.2
2026-03-16 03:00:00,-40.55,10.57,21.0
2026-03-16 04:00:00,-41.5,13.58,62.2
2026-03-16 05:00:00,-38.56,15.39,36.9
2026-03-16 06:00:00,-41.3,8.91,73.8
2026-03-16 07:00:00,-36.87,2.35,59.6
2026-03-16 08:00:00,-38.53,7.0,80.4
2026-03-16 09:00:00,-42.08,9.68,72.0
2026-03-16 10:00:00,-40.41,7.32,54.7
2026-03-16 11:00:00,-42.02,5.92,55.3
2026-03-16 12:00:00,-40.65,2.95,52.1
2026-03-16 13:00:00,-39.39,0.0,21.2
2026-03-16 14:00:00,-46.54,4.55,81.2
2026-03-16 15:00:00,-43.18,0.61,76.3
2026-03-16 16:00:00,-44.21,10.11,69.3
2026-03-16 17:00:00,-42.84,6.01,67.8
2026-03-16 18:00:00,-43.86,3.56,44.2
2026-03-16 19:00:00,-45.69,4.65,19.0
2026-03-16 20:00:00,-44.53,7.49,31.8
2026-03-16 21:00:00,-45.0,8.35,75.3
2026-03-16 22:00:00,-40.64,13.64,28.1
2026-03-16 23:00:00,-42.02,11.92,31.4
2026-03-17 00:00:00,-37.23,10.01,13.2
2026-03-17 01:00:00,-40.38,18.43,30.7
2026-03-17 02:00:00,-40.95,13.14,67.4
2026-03-17 03:00:00,-41.94,15.19,23.7
2026-03-17 04:00:00,-42.04,10.62,7.9
2026-03-17 05:00:00,-41.3,12.79,24.2
2026-03-17 06:00:00,-37.5,11.63,77.6
2026-03-17 07:00:00,-37.12,3.85,28.4
2026-03-17 08:00:00,-41.6,14.28,64.2
2026-03-17 09:00:00,-37.12,10.81,61.9
2026-03-17 10:00:00,-40.5,4.52,10.0
2026-03-17 11:00:00,-39.96,1.33,4.1
2026-03-17 12:00:00,-37.81,4.84,49.5
2026-03-17 13:00:00,-40.01,3.5,84.2
2026-03-17 14:00:00,-43.07,4.07,15.1
2026-03-17 15:00:00,-44.94,3.69,36.9
2026-03-17 16:00:00,-47.93,5.08,50.7
2026-03-17 17:00:00,-45.37,8.64,44.5
2026-03-17 18:00:00,-44.45,7.0,8.5
2026-03-17 19:00:00,-45.9,3.33,36.4
2026-03-17 20:00:00,-43.89,11.85,42.0
2026-03-17 21:00:00,-43.0,13.99,61.4
2026-03-17 22:00:00,-42.98,19.75,69.3
2026-03-17 23:00:00,-43.11,7.99,37.8
2026-03-18 00:00:00,-40.44,12.94,60.6
2026-03-18 01:00:00,-39.11,6.52,42.5
2026-03-18 02:00:00,-41.46,14.65,61.6
2026-03-18 03:00:00,-35.83,11.24,49.6
2026-03-18 04:00:00,-38.37,18.21,68.5
2026-03-18 05:00:00,-37.84,9.37,67.4
2026-03-18 06:00:00,-36.36,5.63,62.0
2026-03-18 07:00:00,-37.41,8.11,80.0
2026-03-18 08:00:00,-36.27,2.31,27.6
2026-03-18 09:00:00,-38.08,9.19,36.7
2026-03-18 10:00:00,-40.5,0.0,38.2
2026-03-18 11:00:00,-39.27,4.72,18.6
2026-03-18 12:00:00,-43.06,0.0,48.9
2026-03-18 13:00:00,-41.33,2.28,48.9
2026-03-18 14:00:00,-42.34,7.94,43.9
2026-03-18 15:00:00,-43.31,4.2,18.8
2026-03-18 16:00:00,-43.63,0.97,66.5
2026-03-18 17:00:00,-47.44,4.21,44.6
2026-03-18 18:00:00,-44.87,5.35,73.5
2026-03-18 19:00:00,-43.49,7.9,18.1
2026-03-18 20:00:00,-43.05,3.66,39.5
2026-03-18 21:00:00,-44.95,10.84,62.4
2026-03-18 22:00:00,-39.74,2.18,83.7
2026-03-18 23:00:00,-43.28,9.48,65.3
2026-03-19 00:00:00,-38.58,10.74,86.2
2026-03-19 01:00:00,-38.89,14.66,97.3
2026-03-19 02:00:00,-40.31,13.06,77.0
2026-03-19 03:00:00,-34.84,8.67,42.2
2026-03-19 04:00:00,-40.31,9.49,87.6
2026-03-19 05:00:00,-35.78,12.29,30.2
2026-03-19 06:00:00,-35.52,10.46,40.8
2026-03-19 07:00:00,-38.96,7.78,77.4
2026-03-19 08:00:00,-35.13,6.79,63.2
2026-03-19 09:00:00,-38.9,9.02,42.8
2026-03-19 10:00:00,-38.44,4.15,19.1
2026-03-19 11:00:00,-39.22,4.37,48.8
2026-03-19 12:00:00,-40.78,10.3,59.4
2026-03-19 13:00:00,-39.67,0.0,32.3
2026-03-19 14:00:00,-40.43,0.0,44.7
2026-03-19 15:00:00,-46.13,5.47,78.3
2026-03-19 16:00:00,-40.51,1.52,73.0
2026-03-19 17:00:00,-46.74,3.35,19.2
2026-03-19 18:00:00,-41.45,2.96,25.3
2026-03-19 19:00:00,-41.16,5.7,26.0
2026-03-19 20:00:00,-45.3,12.56,21.7
2026-03-19 21:00:00,-43.46,11.47,69.3
2026-03-19 22:00:00,-44.23,12.88,25.1
2026-03-19 23:00:00,-41.72,7.12,73.2
2026-03-20 00:00:00,-40.87,8.75,45.8
2026-03-20 01:00:00,-37.92,4.25,43.1
2026-03-20 02:00:00,-36.14,10.57,29.3
2026-03-20 03:00:00,-35.35,15.76,61.7
2026-03-20 04:00:00,-38.78,13.99,65.2
2026-03-20 05:00:00,-37.78,11.03,13.5
2026-03-20 06:00:00,-40.63,10.63,79.7
2026-03-20 07:00:00,-38.97,7.45,30.1
2026-03-20 08:00:00,-35.73,8.85,46.5
2026-03-20 09:00:00,-34.91,9.23,93.5
2026-03-20 10:00:00,-41.23,0.86,9.5
2026-03-20 11:00:00,-40.67,5.53,47.8
2026-03-20 12:00:00,-40.31,6.59,47.8
2026-03-20 13:00:00,-40.47,1.99,42.7
2026-03-20 14:00:00,-43.38,5.11,74.2
2026-03-20 15:00:00,-41.53,11.56,37.1
2026-03-20 16:00:00,-43.8,3.24,34.4
2026-03-20 17:00:00,-43.18,5.48,92.4
2026-03-20 18:00:00,-42.17,3.08,60.1
2026-03-20 19:00:00,-43.14,7.02,5.6
2026-03-20 20:00:00,-43.73,9.14,51.2
2026-03-20 21:00:00,-42.6,9.65,74.1
2026-03-20 22:00:00,-41.93,7.23,72.8
2026-03-20 23:00:00,-41.77,11.98,61.5
2026-03-21 00:00:00,-40.52,16.59,25.2
2026-03-21 01:00:00,-36.03,14.11,63.2
2026-03-21 02:00:00,-37.38,15.88,26.1
2026-03-21 03:00:00,-38.47,12.17,20.0
2026-03-21 04:00:00,-36.01,14.69,27.4
2026-03-21 05:00:00,-37.77,12.54,74.6
2026-03-21 06:00:00,-34.65,7.85,39.9
2026-03-21 07:00:00,-36.36,10.48,23.9
2026-03-21 08:00:00,-37.62,5.26,75.4
2026-03-21 09:00:00,-36.98,5.04,60.6
2026-03-21 10:00:00,-41.64,6.28,30.4
2026-03-21 11:00:00,-41.48,5.53,17.8
2026-03-21 12:00:00,-42.39,0.22,38.5
2026-03-21 13:00:00,-40.49,6.4,56.0
2026-03-21 14:00:00,-38.03,4.72,50.4
2026-03-21 15:00:00,-37.66,1.0,79.1
2026-03-21 16:00:00,-41.32,0.0,76.2
2026-03-21 17:00:00,-41.9,3.87,69.4
2026-03-21 18:00:00,-46.6,3.96,81.9
2026-03-21 19:00:00,-43.98,6.82,38.0
2026-03-21 20:00:00,-44.17,6.67,38.2
2026-03-21 21:00:00,-43.36,3.04,63.6
2026-03-21 22:00:00,-41.84,9.13,42.0
2026-03-21 23:00:00,-41.72,10.45,41.7
2026-03-22 00:00:00,-43.7,14.11,76.0
2026-03-22 01:00:00,-37.47,10.67,91.9
2026-03-22 02:00:00,-40.39,18.03,55.4
2026-03-22 03:00:00,-37.14,7.15,56.3
2026-03-22 04:00:00,-33.0,16.38,37.7
2026-03-22 05:00:00,-38.68,11.03,62.1
2026-03-22 06:00:00,-41.8,13.28,37.7
2026-03-22 07:00:00,-37.42,9.76,59.4
2026-03-22 08:00:00,-34.94,11.65,71.5
2026-03-22 09:00:00,-33.7,5.77,46.4
2026-03-22 10:00:00,-40.7,2.41,84.1
2026-03-22 11:00:00,-37.97,8.9,46.4
2026-03-22 12:00:00,-40.67,3.45,25.1
2026-03-22 13:00:00,-40.73,3.9,47.3
2026-03-22 14:00:00,-35.95,6.71,47.4
2026-03-22 15:00:00,-44.87,0.02,55.4
2026-03-22 16:00:00,-41.83,5.34,85.3
2026-03-22 17:00:00,-41.7,2.53,22.8
2026-03-22 18:00:00,-40.57,4.9,51.7
2026-03-22 19:00:00,-42.44,6.7,71.5
2026-03-22 20:00:00,-41.72,3.26,60.6
2026-03-22 21:00:00,-42.65,6.73,34.2
2026-03-22 22:00:00,-40.7,14.35,39.0
2026-03-22 23:00:00,-41.2,14.02,86.6
2026-03-23 00:00:00,-38.24,12.02,45.6
2026-03-23 01:00:00,-39.45,13.49,40.0
2026-03-23 02:00:00,-37.23,12.11,54.4
2026-03-23 03:00:00,-37.42,16.96,55.2
2026-03-23 04:00:00,-34.63,11.84,10.4
2026-03-23 05:00:00,-36.69,12.39,43.7
2026-03-23 06:00:00,-40.03,14.14,10.3
2026-03-23 07:00:00,-34.06,7.19,20.0
2026-03-23 08:00:00,-38.7,12.91,39.3
2026-03-23 09:00:00,-38.67,2.34,69.8
2026-03-23 10:00:00,-39.17,10.6,50.2
2026-03-23 11:00:00,-35.96,3.52,22.6
2026-03-23 12:00:00,-43.76,3.06,74.9
2026-03-23 13:00:00,-33.98,0.0,30.6
2026-03-23 14:00:00,-38.87,1.64,58.9
2026-03-23 15:00:00,-41.16,0.0,30.8
2026-03-23 16:00:00,-42.19,1.73,55.9
2026-03-23 17:00:00,-41.81,3.89,82.4
2026-03-23 18:00:00,-41.44,8.17,52.3
2026-03-23 19:00:00,-41.09,7.1,32.1
2026-03-23 20:00:00,-40.97,8.69,38.3
2026-03-23 21:00:00,-41.43,5.78,47.0
2026-03-23 22:00:00,-41.38,7.65,48.1
2026-03-23 23:00:00,-40.56,16.76,15.4
2026-03-24 00:00:00,-39.62,10.0,28.2
2026-03-24 01:00:00,-36.18,17.73,79.2
2026-03-24 02:00:00,-36.54,12.27,56.4
2026-03-24 03:00:00,-42.99,12.89,7.9
2026-03-24 04:00:00,-35.32,15.65,27.9
2026-03-24 05:00:00,-35.94,15.51,55.4
2026-03-24 06:00:00,-36.26,10.37,27.5
2026-03-24 07:00:00,-37.1,8.36,61.6
2026-03-24 08:00:00,-34.38,8.07,61.8
2026-03-24 09:00:00,-35.21,7.95,4.9
2026-03-24 10:00:00,-39.27,8.38,42.9
2026-03-24 11:00:00,-37.64,4.65,21.6
2026-03-24 12:00:00,-41.17,5.65,23.8
2026-03-24 13:00:00,-42.76,8.15,95.3
2026-03-24 14:00:00,-41.98,4.15,31.1
2026-03-24 15:00:00,-39.62,4.05,20.3
2026-03-24 16:00:00,-39.92,0.0,59.3
2026-03-24 17:00:00,-41.1,0.0,75.0
2026-03-24 18:00:00,-40.78,6.46,20.0
2026-03-24 19:00:00,-41.09,6.2,31.9
2026-03-24 20:00:00,-43.11,6.22,56.2
2026-03-24 21:00:00,-40.48,9.8,80.9
2026-03-24 22:00:00,-39.12,10.11,60.3
2026-03-24 23:00:00,-38.49,14.75,37.1
2026-03-25 00:00:00,-36.59,12.47,14.2
2026-03-25 01:00:00,-36.77,10.52,33.4
2026-03-25 02:00:00,-36.77,15.96,42.4
2026-03-25 03:00:00,-34.71,12.23,66.0
2026-03-25 04:00:00,-36.42,14.02,65.0
2026-03-25 05:00:00,-37.83,10.27,66.8
2026-03-25 06:00:00,-36.29,8.75,49.9
2026-03-25 07:00:00,-37.56,9.77,19.3
2026-03-25 08:00:00,-37.72,8.27,72.5
2026-03-25 09:00:00,-37.14,8.37,30.2
2026-03-25 10:00:00,-39.05,4.9,48.5
2026-03-25 11:00:00,-38.81,0.0,82.2
2026-03-25 12:00:00,-42.76,2.49,88.5
2026-03-25 13:00:00,-39.32,5.62,88.7
2026-03-25 14:00:00,-40.47,2.11,30.1
2026-03-25 15:00:00,-42.72,2.38,27.6
2026-03-25 16:00:00,-40.25,6.52,91.6
2026-03-25 17:00:00,-39.99,2.17,52.7
2026-03-25 18:00:00,-45.18,0.67,54.6
2026-03-25 19:00:00,-43.39,6.0,7.5
2026-03-25 20:00:00,-43.1,6.31,70.4
2026-03-25 21:00:00,-42.97,6.17,43.1
2026-03-25 22:00:00,-38.81,9.77,70.0
2026-03-25 23:00:00,-40.13,12.84,36.1
2026-03-26 00:00:00,-39.24,12.18,38.1
2026-03-26 01:00:00,-41.94,13.68,65.2
2026-03-26 02:00:00,-35.94,18.43,48.0
2026-03-26 03:00:00,-39.07,11.86,51.1
2026-03-26 04:00:00,-35.99,13.28,31.8
2026-03-26 05:00:00,-35.26,10.17,27.8
2026-03-26 06:00:00,-32.99,8.16,53.1
2026-03-26 07:00:00,-38.43,7.77,33.0
2026-03-26 08:00:00,-42.15,6.8,34.6
2026-03-26 09:00:00,-36.22,8.01,43.0
2026-03-26 10:00:00,-33.61,12.75,82.2
2026-03-26 11:00:00,-35.46,2.49,31.3
2026-03-26 12:00:00,-38.29,2.54,44.7
2026-03-26 13:00:00,-40.47,3.05,66.9
2026-03-26 14:00:00,-38.6,4.19,31.2
2026-03-26 15:00:00,-42.78,3.91,78.1
2026-03-26 16:00:00,-40.36,7.41,39.2
2026-03-26 17:00:00,-40.6,0.0,70.0
2026-03-26 18:00:00,-39.59,0.0,62.5
2026-03-26 19:00:00,-36.09,4.99,73.7
2026-03-26 20:00:00,-40.52,11.06,84.0
2026-03-26 21:00:00,-41.85,4.37,14.6
2026-03-26 22:00:00,-40.26,1.27,60.6
2026-03-26 23:00:00,-43.03,13.08,72.6
2026-03-27 00:00:00,-39.84,12.94,82.9
2026-03-27 01:00:00,-38.5,9.49,6.3
2026-03-27 02:00:00,-38.0,10.04,30.0
2026-03-27 03:00:00,-36.03,9.98,54.8
2026-03-27 04:00:00,-37.5,12.77,63.2
2026-03-27 05:00:00,-33.31,9.82,64.9
2026-03-27 06:00:00,-35.45,12.18,24.9
2026-03-27 07:00:00,-35.57,0.96,89.3
2026-03-27 08:00:00,-36.51,5.67,43.2
2026-03-27 09:00:00,-36.02,3.56,25.9
2026-03-27 10:00:00,-35.3,4.94,90.2
2026-03-27 11:00:00,-39.41,3.02,78.4
2026-03-27 12:00:00,-39.77,6.19,59.0
2026-03-27 13:00:00,-39.84,0.0,25.3
2026-03-27 14:00:00,-42.65,3.14,18.7
2026-03-27 15:00:00,-42.21,4.79,67.5
2026-03-27 16:00:00,-42.0,9.13,66.3
2026-03-27 17:00:00,-39.6,2.86,57.2
2026-03-27 18:00:00,-40.93,6.27,76.6
2026-03-27 19:00:00,-40.96,1.07,44.4
2026-03-27 20:00:00,-39.35,0.59,27.5
2026-03-27 21:00:00,-40.85,11.6,94.5
2026-03-27 22:00:00,-39.17,10.28,35.3
2026-03-27 23:00:00,-39.44,14.9,63.6
2026-03-28 00:00:00,-37.67,8.09,63.8
2026-03-28 01:00:00,-38.59,14.32,56.5
2026-03-28 02:00:00,-41.57,18.6,67.1
2026-03-28 03:00:00,-36.34,14.14,46.1
2026-03-28 04:00:00,-32.75,13.27,31.8
2026-03-28 05:00:00,-33.45,11.72,26.4
2026-03-28 06:00:00,-33.27,5.99,34.3
2026-03-28 07:00:00,-32.83,13.59,35.3
2026-03-28 08:00:00,-35.42,6.4,40.8
2026-03-28 09:00:00,-35.68,8.45,96.7
2026-03-28 10:00:00,-37.93,1.02,49.0
2026-03-28 11:00:00,-38.05,1.1,24.7
2026-03-28 12:00:00,-36.97,8.1,27.4
2026-03-28 13:00:00,-36.57,2.19,11.7
2026-03-28 14:00:00,-39.98,7.37,45.4
2026-03-28 15:00:00,-41.22,2.88,43.9
2026-03-28 16:00:00,-40.79,0.0,91.4
2026-03-28 17:00:00,-39.89,6.98,38.8
2026-03-28 18:00:00,-44.08,3.53,68.1
2026-03-28 19:00:00,-45.69,8.58,44.5
2026-03-28 20:00:00,-41.9,7.84,69.1
2026-03-28 21:00:00,-42.76,4.44,81.2
2026-03-28 22:00:00,-40.71,10.79,13.1
2026-03-28 23:00:00,-39.27,17.95,1.5
2026-03-29 00:00:00,-38.85,13.69,81.8
2026-03-29 01:00:00,-34.26,12.59,64.5
2026-03-29 02:00:00,-35.79,16.22,15.8
2026-03-29 03:00:00,-35.22,13.52,71.1
2026-03-29 04:00:00,-34.1,13.07,13.8
2026-03-29 05:00:00,-37.32,8.42,56.2
2026-03-29 06:00:00,-32.86,11.4,50.4
2026-03-29 07:00:00,-35.19,12.63,69.8
2026-03-29 08:00:00,-34.0,5.73,78.5
2026-03-29 09:00:00,-37.96,11.21,32.9
2026-03-29 10:00:00,-39.55,5.43,66.6
2026-03-29 11:00:00,-35.53,1.97,66.2
2026-03-29 12:00:00,-37.19,6.79,71.4
2026-03-29 13:00:00,-40.52,2.38,75.0
2026-03-29 14:00:00,-41.18,5.28,58.8
2026-03-29 15:00:00,-37.81,2.24,13.5
2026-03-29 16:00:00,-42.92,3.38,76.1
2026-03-29 17:00:00,-37.55,5.78,71.6
2026-03-29 18:00:00,-42.74,6.17,42.5
2026-03-29 19:00:00,-39.56,0.49,34.5
2026-03-29 20:00:00,-41.2,4.4,83.3
2026-03-29 21:00:00,-38.86,11.85,75.6
2026-03-29 22:00:00,-40.53,9.9,76.2
2026-03-29 23:00:00,-39.04,9.79,98.0
2026-03-30 00:00:00,-37.6,8.13,45.5
2026-03-30 01:00:00,-38.91,9.52,44.2
2026-03-30 02:00:00,-34.7,6.93,51.1
2026-03-30 03:00:00,-36.59,12.58,19.1
2026-03-30 04:00:00,-35.54,10.65,67.8
2026-03-30 05:00:00,-36.78,8.8,24.8
2026-03-30 06:00:00,-39.81,10.5,77.2
2026-03-30 07:00:00,-35.17,10.61,38.9
2026-03-30 08:00:00,-30.26,14.52,35.8
2026-03-30 09:00:00,-33.99,2.4,26.6
2026-03-30 10:00:00,-36.22,9.19,83.1
2026-03-30 11:00:00,-37.43,7.55,29.5
2026-03-30 12:00:00,-37.64,1.46,25.6
2026-03-30 13:00:00,-37.37,3.85,37.3
2026-03-30 14:00:00,-41.55,1.63,60.5
2026-03-30 15:00:00,-37.58,3.67,45.5
2026-03-30 16:00:00,-38.85,8.08,27.1
2026-03-30 17:00:00,-39.15,6.12,51.0
2026-03-30 18:00:00,-39.81,6.82,54.1
2026-03-30 19:00:00,-40.54,5.19,72.6
2026-03-30 20:00:00,-38.94,3.31,72.1
2026-03-30 21:00:00,-38.62,8.44,93.4
2026-03-30 22:00:00,-39.89,13.91,16.6
2026-03-30 23:00:00,-39.61,6.78,59.7
2026-03-31 00:00:00,-37.23,9.04,17.7
2026-03-31 01:00:00,-33.56,13.14,18.6
2026-03-31 02:00:00,-38.41,10.04,34.2
2026-03-31 03:00:00,-38.24,10.51,10.3
2026-03-31 04:00:00,-34.5,11.17,31.7
2026-03-31 05:00:00,-34.43,7.6,55.7
2026-03-31 06:00:00,-34.08,7.78,24.5
2026-03-31 07:00:00,-34.04,11.63,74.2
2026-03-31 08:00:00,-35.28,4.31,31.0
2026-03-31 09:00:00,-32.33,2.14,5.0
2026-03-31 10:00:00,-39.13,3.82,20.6
2026-03-31 11:00:00,-38.31,6.83,21.1
2026-03-31 12:00:00,-37.64,3.2,74.0
2026-03-31 13:00:00,-41.49,1.84,59.5
2026-03-31 14:00:00,-39.28,3.14,38.0
2026-03-31 15:00:00,-36.23,0.0,60.8
2026-03-31 16:00:00,-39.99,5.04,80.4
2026-03-31 17:00:00,-39.87,5.45,50.0
2026-03-31 18:00:00,-42.95,4.07,58.2
2026-03-31 19:00:00,-41.56,9.5,81.1
2026-03-31 20:00:00,-40.78,4.38,23.9
2026-03-31 21:00:00,-40.19,12.45,13.5
2026-03-31 22:00:00,-36.37,10.76,47.7
2026-03-31 23:00:00,-37.09,10.36,57.1
